,load,onwind,offwind,solar,prices
2015-01-01 00:00:00,41151.0,0.1566,0.703,0.0,
2015-01-01 04:00:00,38941.0,0.1826,0.7272,0.0,
2015-01-01 08:00:00,42963.0,0.2281,0.7828,0.0442,
2015-01-01 12:00:00,47164.0,0.2384,0.8244,0.2074,
2015-01-01 16:00:00,53410.0,0.3828,0.9022,0.0,
2015-01-01 20:00:00,48730.0,0.5201,0.9727,0.0,
2015-01-02 00:00:00,40577.0,0.6391,0.9823,0.0,
2015-01-02 04:00:00,42382.0,0.7704,0.9851,0.0,
2015-01-02 08:00:00,56505.0,0.7918,0.9844,0.0197,
2015-01-02 12:00:00,58564.0,0.7435,0.9832,0.1104,
2015-01-02 16:00:00,61605.0,0.7368,0.9795,0.0,
2015-01-02 20:00:00,53186.0,0.7246,0.977,0.0,
2015-01-03 00:00:00,38338.0,0.713,0.9742,0.0,
2015-01-03 04:00:00,36839.0,0.5138,0.9573,0.0,
2015-01-03 08:00:00,47421.0,0.541,0.9554,0.0193,
2015-01-03 12:00:00,52147.0,0.5024,0.8144,0.0718,
2015-01-03 16:00:00,55854.0,0.3807,0.7757,0.0,
2015-01-03 20:00:00,48359.0,0.3939,0.8562,0.0,
2015-01-04 00:00:00,38517.0,0.4867,0.8251,0.0,
2015-01-04 04:00:00,36336.0,0.4778,0.7635,0.0,
2015-01-04 08:00:00,43899.0,0.442,0.7305,0.0526,
2015-01-04 12:00:00,48824.0,0.4459,0.6235,0.1633,
2015-01-04 16:00:00,53400.0,0.3993,0.4919,0.0,
2015-01-04 20:00:00,48877.0,0.2732,0.4905,0.0,
2015-01-05 00:00:00,40699.0,0.2382,0.5741,0.0,22.34
2015-01-05 04:00:00,43931.0,0.288,0.478,0.0,17.38
2015-01-05 08:00:00,61179.0,0.3308,0.3484,0.0611,39.09
2015-01-05 12:00:00,62108.0,0.2527,0.2761,0.181,40.72
2015-01-05 16:00:00,65129.99999999999,0.1342,0.136,0.0,46.7
2015-01-05 20:00:00,56346.0,0.0712,0.122,0.0,44.32
2015-01-06 00:00:00,45011.0,0.0396,0.1687,0.0,30.02
2015-01-06 04:00:00,46416.0,0.038,0.2502,0.0,30.63
2015-01-06 08:00:00,59295.0,0.0848,0.3268,0.0532,40.76
2015-01-06 12:00:00,60697.0,0.0942,0.3703,0.1833,30.06
2015-01-06 16:00:00,63969.0,0.2382,0.5082,0.0,40.32
2015-01-06 20:00:00,57114.0,0.2312,0.4455,0.0,32.92
2015-01-07 00:00:00,45125.0,0.2115,0.5304,0.0,24.97
2015-01-07 04:00:00,48598.0,0.223,0.3635,0.0,26.1
2015-01-07 08:00:00,66400.0,0.1938,0.4447,0.0318,47.91
2015-01-07 12:00:00,67248.0,0.173,0.5725,0.1336,50.15
2015-01-07 16:00:00,69647.0,0.2487,0.6869,0.0,47.14
2015-01-07 20:00:00,60469.0,0.2815,0.8856,0.0,33.86
2015-01-08 00:00:00,48041.0,0.3482,0.9256,0.0,21.92
2015-01-08 04:00:00,51155.0,0.419,0.9037,0.0,15.0
2015-01-08 08:00:00,68599.0,0.4325,0.7419,0.0152,37.7
2015-01-08 12:00:00,69062.0,0.4581,0.5392,0.0549,34.37
2015-01-08 16:00:00,70139.0,0.4254,0.5703,0.0,32.47
2015-01-08 20:00:00,59524.0,0.505,0.793,0.0,29.44
2015-01-09 00:00:00,46472.0,0.5556,0.8229,0.0,11.55
2015-01-09 04:00:00,50426.0,0.7008,0.9601,0.0,10.33
2015-01-09 08:00:00,69495.0,0.9301,0.93,0.0196,29.99
2015-01-09 12:00:00,68267.0,0.9395,0.9732,0.0508,31.11
2015-01-09 16:00:00,70120.0,0.8929,0.9588,0.0,30.09
2015-01-09 20:00:00,58868.0,0.692,0.5586,0.0,30.11
2015-01-10 00:00:00,45889.0,0.5664,0.6771,0.0,17.1
2015-01-10 04:00:00,43841.0,0.7222,0.9006,0.0,9.08
2015-01-10 08:00:00,55587.0,0.9143,0.9671,0.0259,11.35
2015-01-10 12:00:00,57469.0,0.9643,0.9305,0.1221,15.83
2015-01-10 16:00:00,59546.0,0.9413,0.9723,0.0,14.15
2015-01-10 20:00:00,51071.0,0.8201,0.9797,0.0,15.82
2015-01-11 00:00:00,41048.0,0.742,0.9767,0.0,0.05
2015-01-11 04:00:00,39494.0,0.7048,0.9707,0.0,-4.12
2015-01-11 08:00:00,47653.0,0.7948,0.9726,0.0522,-6.86
2015-01-11 12:00:00,52716.0,0.8733,0.9834,0.1511,8.71
2015-01-11 16:00:00,57143.0,0.8519,0.9663,0.0,0.61
2015-01-11 20:00:00,51979.0,0.7948,0.8921,0.0,9.63
2015-01-12 00:00:00,44192.0,0.6809,0.913,0.0,9.3
2015-01-12 04:00:00,49613.0,0.6268,0.9243,0.0,2.83
2015-01-12 08:00:00,69448.0,0.762,0.9742,0.0177,44.92
2015-01-12 12:00:00,71376.0,0.8476,0.9835,0.0596,29.33
2015-01-12 16:00:00,71371.0,0.8411,0.9595,0.0,28.99
2015-01-12 20:00:00,61344.0,0.7545,0.7906,0.0,27.61
2015-01-13 00:00:00,48218.0,0.6456,0.3286,0.0,9.27
2015-01-13 04:00:00,51849.0,0.6303,0.3224,0.0,11.26
2015-01-13 08:00:00,68327.0,0.7295,0.7343,0.1158,34.21
2015-01-13 12:00:00,67876.0,0.7177,0.6602,0.3381,23.73
2015-01-13 16:00:00,70119.0,0.5869,0.3925,0.0,34.13
2015-01-13 20:00:00,59175.0,0.4801,0.5979,0.0,31.41
2015-01-14 00:00:00,45320.0,0.4304,0.6967,0.0,13.25
2015-01-14 04:00:00,50345.0,0.4083,0.5819,0.0,13.91
2015-01-14 08:00:00,67873.0,0.5698,0.7752,0.0651,34.74
2015-01-14 12:00:00,68577.0,0.5453,0.6971,0.1722,29.7
2015-01-14 16:00:00,70156.0,0.371,0.6077,0.0,37.8
2015-01-14 20:00:00,60156.0,0.3649,0.748,0.0,29.44
2015-01-15 00:00:00,48098.0,0.3321,0.8584,0.0,24.36
2015-01-15 04:00:00,51717.0,0.4904,0.9367,0.0,15.43
2015-01-15 08:00:00,68630.0,0.6546,0.9776,0.0361,34.79
2015-01-15 12:00:00,69201.0,0.7257,0.9223,0.1276,27.02
2015-01-15 16:00:00,70186.0,0.7095,0.8701,0.0,29.37
2015-01-15 20:00:00,60304.0,0.6948,0.9625,0.0,28.32
2015-01-16 00:00:00,46279.0,0.5799,0.9696,0.0,9.78
2015-01-16 04:00:00,51456.0,0.5009,0.9715,0.0,14.11
2015-01-16 08:00:00,68027.0,0.347,0.9284,0.0716,37.71
2015-01-16 12:00:00,66189.0,0.189,0.7531,0.2145,39.95
2015-01-16 16:00:00,67360.0,0.1611,0.5304,0.0,47.1
2015-01-16 20:00:00,57066.0,0.1122,0.419,0.0,41.51
2015-01-17 00:00:00,45369.0,0.0829,0.4922,0.0,29.03
2015-01-17 04:00:00,43903.0,0.12,0.5422,0.0,27.05
2015-01-17 08:00:00,55104.0,0.1219,0.6129,0.0676,29.73
2015-01-17 12:00:00,54885.0,0.1354,0.6878,0.2524,34.99
2015-01-17 16:00:00,57914.0,0.1647,0.7707,0.0,33.84
2015-01-17 20:00:00,50831.0,0.1815,0.739,0.0,28.95
2015-01-18 00:00:00,42468.0,0.1818,0.5218,0.0,23.35
2015-01-18 04:00:00,40032.0,0.1587,0.3802,0.0,22.32
2015-01-18 08:00:00,47041.0,0.1301,0.3459,0.0897,19.07
2015-01-18 12:00:00,50148.0,0.1249,0.1398,0.2877,28.15
2015-01-18 16:00:00,54287.0,0.147,0.0416,0.0,30.44
2015-01-18 20:00:00,50835.0,0.136,0.0262,0.0,30.54
2015-01-19 00:00:00,43874.0,0.0908,0.0095,0.0,27.92
2015-01-19 04:00:00,48847.0,0.0342,0.0089,0.0,28.07
2015-01-19 08:00:00,68452.0,0.0219,0.015,0.0604,56.49
2015-01-19 12:00:00,69029.0,0.0142,0.0144,0.1845,44.97
2015-01-19 16:00:00,69802.0,0.0617,0.0216,0.0,48.19
2015-01-19 20:00:00,60416.0,0.045,0.0312,0.0,45.0
2015-01-20 00:00:00,47985.0,0.0274,0.0392,0.0,31.93
2015-01-20 04:00:00,51622.0,0.0225,0.0412,0.0,31.02
2015-01-20 08:00:00,69136.0,0.0134,0.0381,0.0415,58.88
2015-01-20 12:00:00,69880.0,0.0077,0.0164,0.1089,53.53
2015-01-20 16:00:00,70708.0,0.0166,0.0124,0.0,51.04
2015-01-20 20:00:00,60887.0,0.0291,0.0197,0.0,50.01
2015-01-21 00:00:00,48261.0,0.0346,0.0523,0.0,31.08
2015-01-21 04:00:00,51835.0,0.0283,0.0449,0.0,33.27
2015-01-21 08:00:00,69062.0,0.0233,0.0583,0.0548,58.39
2015-01-21 12:00:00,68982.0,0.0296,0.0474,0.1648,48.49
2015-01-21 16:00:00,70266.0,0.0946,0.053,0.0,51.02
2015-01-21 20:00:00,61021.0,0.1011,0.107,0.0,43.22
2015-01-22 00:00:00,48985.0,0.0713,0.0645,0.0,29.67
2015-01-22 04:00:00,51654.0,0.0712,0.0523,0.0,29.38
2015-01-22 08:00:00,69197.0,0.0832,0.0575,0.0409,53.79
2015-01-22 12:00:00,69823.0,0.0846,0.0303,0.0916,52.44
2015-01-22 16:00:00,70502.0,0.1152,0.0103,0.0,51.99
2015-01-22 20:00:00,61343.0,0.0712,0.0034,0.0,45.57
2015-01-23 00:00:00,48785.0,0.0639,0.0007,0.0,31.18
2015-01-23 04:00:00,51882.0,0.0574,0.0016,0.0,29.39
2015-01-23 08:00:00,68556.0,0.042,0.007,0.0491,53.56
2015-01-23 12:00:00,68146.0,0.0242,0.1061,0.0757,49.94
2015-01-23 16:00:00,68865.0,0.0338,0.323,0.0002,45.18
2015-01-23 20:00:00,58967.0,0.0624,0.6569,0.0,41.48
2015-01-24 00:00:00,48721.0,0.1471,0.8081,0.0,28.5
2015-01-24 04:00:00,47904.0,0.1784,0.7978,0.0,25.93
2015-01-24 08:00:00,55538.0,0.1757,0.3883,0.0356,27.6
2015-01-24 12:00:00,57603.0,0.1238,0.4999,0.0815,37.27
2015-01-24 16:00:00,59505.0,0.1764,0.4808,0.0,34.52
2015-01-24 20:00:00,51700.0,0.1598,0.4602,0.0,30.04
2015-01-25 00:00:00,43563.0,0.1766,0.3923,0.0,23.26
2015-01-25 04:00:00,41003.0,0.1746,0.2756,0.0,21.49
2015-01-25 08:00:00,47997.0,0.1273,0.2434,0.0548,24.64
2015-01-25 12:00:00,51386.0,0.0874,0.1713,0.1023,31.99
2015-01-25 16:00:00,55223.0,0.1006,0.1104,0.0002,30.29
2015-01-25 20:00:00,51817.0,0.068,0.2089,0.0,34.92
2015-01-26 00:00:00,44467.0,0.0748,0.3557,0.0,26.93
2015-01-26 04:00:00,49798.0,0.119,0.4157,0.0,25.8
2015-01-26 08:00:00,68736.0,0.1745,0.5191,0.0403,53.22
2015-01-26 12:00:00,70765.0,0.2847,0.5567,0.0796,46.22
2015-01-26 16:00:00,70783.0,0.376,0.6553,0.0,39.76
2015-01-26 20:00:00,61753.0,0.3462,0.7231,0.0,30.34
2015-01-27 00:00:00,49395.0,0.4003,0.7839,0.0,20.36
2015-01-27 04:00:00,52571.0,0.3702,0.6713,0.0,19.92
2015-01-27 08:00:00,68269.0,0.3421,0.5809,0.0787,35.92
2015-01-27 12:00:00,68948.0,0.306,0.3943,0.145,37.93
2015-01-27 16:00:00,69423.0,0.2831,0.2052,0.0,38.93
2015-01-27 20:00:00,60965.0,0.1511,0.1697,0.0,40.0
2015-01-28 00:00:00,48565.0,0.1324,0.4136,0.0,26.97
2015-01-28 04:00:00,52359.0,0.2009,0.6647,0.0,25.75
2015-01-28 08:00:00,69270.0,0.344,0.8751,0.0323,42.86
2015-01-28 12:00:00,70833.0,0.6464,0.9605,0.1006,27.85
2015-01-28 16:00:00,72415.0,0.8156,0.8957,0.0,27.0
2015-01-28 20:00:00,63637.0,0.7599,0.9571,0.0,25.47
2015-01-29 00:00:00,48776.0,0.6406,0.9393,0.0,9.98
2015-01-29 04:00:00,51013.0,0.5565,0.8817,0.0,11.84
2015-01-29 08:00:00,70268.0,0.567,0.8268,0.123,32.12
2015-01-29 12:00:00,71366.0,0.6035,0.7626,0.1527,28.63
2015-01-29 16:00:00,70389.0,0.3539,0.4464,0.0001,32.45
2015-01-29 20:00:00,61483.0,0.2792,0.1428,0.0,33.41
2015-01-30 00:00:00,48558.0,0.187,0.0322,0.0,26.6
2015-01-30 04:00:00,51850.0,0.1568,0.0161,0.0,23.89
2015-01-30 08:00:00,68725.0,0.1346,0.018,0.0712,49.19
2015-01-30 12:00:00,67444.0,0.1279,0.0256,0.1198,46.0
2015-01-30 16:00:00,67658.0,0.1077,0.1164,0.0005,44.0
2015-01-30 20:00:00,59173.0,0.1245,0.1446,0.0,40.04
2015-01-31 00:00:00,48177.0,0.138,0.0689,0.0,27.92
2015-01-31 04:00:00,45254.0,0.1514,0.0592,0.0,24.95
2015-01-31 08:00:00,56106.0,0.1177,0.058,0.0783,28.36
2015-01-31 12:00:00,55522.0,0.1476,0.0454,0.1366,28.41
2015-01-31 16:00:00,57689.0,0.1658,0.0573,0.0007,32.12
2015-01-31 20:00:00,51122.0,0.1604,0.0739,0.0,32.83
2015-02-01 00:00:00,42863.0,0.1267,0.0783,0.0,27.04
2015-02-01 04:00:00,40322.0,0.0974,0.0705,0.0,25.78
2015-02-01 08:00:00,47866.0,0.0796,0.0844,0.0794,27.84
2015-02-01 12:00:00,50776.0,0.1229,0.2834,0.1356,34.95
2015-02-01 16:00:00,53440.0,0.191,0.4435,0.0008,29.89
2015-02-01 20:00:00,51911.0,0.2105,0.4839,0.0,28.59
2015-02-02 00:00:00,45816.0,0.211,0.4441,0.0,27.23
2015-02-02 04:00:00,50595.0,0.2119,0.3796,0.0,26.24
2015-02-02 08:00:00,68587.0,0.2021,0.4003,0.0851,53.13
2015-02-02 12:00:00,70077.0,0.2641,0.3088,0.1302,45.0
2015-02-02 16:00:00,69377.0,0.2363,0.203,0.0006,47.99
2015-02-02 20:00:00,61842.0,0.2025,0.2591,0.0,45.0
2015-02-03 00:00:00,50039.0,0.1739,0.1532,0.0,29.46
2015-02-03 04:00:00,53250.0,0.1499,0.0945,0.0,28.21
2015-02-03 08:00:00,69261.0,0.1116,0.1426,0.0706,60.08
2015-02-03 12:00:00,68910.0,0.1065,0.2337,0.171,46.2
2015-02-03 16:00:00,68891.0,0.0944,0.3683,0.0014,51.54
2015-02-03 20:00:00,61812.0,0.0714,0.2625,0.0,47.99
2015-02-04 00:00:00,50321.0,0.0596,0.0914,0.0,34.9
2015-02-04 04:00:00,53350.0,0.0493,0.0448,0.0,30.49
2015-02-04 08:00:00,69575.0,0.0337,0.0451,0.0883,61.76
2015-02-04 12:00:00,69435.0,0.0488,0.0572,0.1636,54.87
2015-02-04 16:00:00,69271.0,0.0669,0.0878,0.0019,49.92
2015-02-04 20:00:00,62408.0,0.034,0.0685,0.0,49.89
2015-02-05 00:00:00,50594.0,0.0235,0.1226,0.0,39.96
2015-02-05 04:00:00,53276.0,0.0326,0.1984,0.0,32.92
2015-02-05 08:00:00,69081.0,0.0483,0.2302,0.0862,62.06
2015-02-05 12:00:00,69759.0,0.126,0.1146,0.1625,50.52
2015-02-05 16:00:00,69481.0,0.2296,0.1138,0.0009,44.04
2015-02-05 20:00:00,62586.0,0.2218,0.1146,0.0,41.89
2015-02-06 00:00:00,51001.0,0.1649,0.0813,0.0,28.73
2015-02-06 04:00:00,53603.0,0.1677,0.0533,0.0,28.23
2015-02-06 08:00:00,69768.0,0.1853,0.0204,0.0937,46.9
2015-02-06 12:00:00,67425.0,0.1904,0.0236,0.2656,39.65
2015-02-06 16:00:00,67310.0,0.1605,0.0566,0.0028,42.95
2015-02-06 20:00:00,60562.0,0.1032,0.0946,0.0,45.0
2015-02-07 00:00:00,50874.0,0.0781,0.1808,0.0,28.46
2015-02-07 04:00:00,47264.0,0.1103,0.3252,0.0,26.08
2015-02-07 08:00:00,56728.0,0.1528,0.4702,0.1303,32.03
2015-02-07 12:00:00,56620.0,0.276,0.6824,0.26,29.99
2015-02-07 16:00:00,58279.0,0.462,0.8822,0.0032,25.16
2015-02-07 20:00:00,51932.0,0.6171,0.9419,0.0,22.31
2015-02-08 00:00:00,44616.0,0.7248,0.9705,0.0,-5.0
2015-02-08 04:00:00,41602.0,0.6554,0.9489,0.0,-7.32
2015-02-08 08:00:00,50121.0,0.457,0.8754,0.1193,4.86
2015-02-08 12:00:00,51588.0,0.4944,0.4596,0.2956,12.21
2015-02-08 16:00:00,53045.0,0.3608,0.3533,0.0058,26.66
2015-02-08 20:00:00,53423.0,0.3144,0.6768,0.0,28.12
2015-02-09 00:00:00,46620.0,0.4026,0.7549,0.0,16.42
2015-02-09 04:00:00,51090.0,0.473,0.7395,0.0,9.81
2015-02-09 08:00:00,69923.0,0.454,0.767,0.0626,29.96
2015-02-09 12:00:00,71101.0,0.4361,0.627,0.075,31.21
2015-02-09 16:00:00,69703.0,0.3931,0.6647,0.0005,32.3
2015-02-09 20:00:00,61809.0,0.302,0.5968,0.0,39.91
2015-02-10 00:00:00,48681.0,0.2494,0.5344,0.0,25.36
2015-02-10 04:00:00,52517.0,0.2461,0.5265,0.0,26.02
2015-02-10 08:00:00,68612.0,0.1599,0.392,0.0671,49.0
2015-02-10 12:00:00,69765.0,0.158,0.3203,0.091,47.27
2015-02-10 16:00:00,68158.0,0.1726,0.2246,0.0023,50.38
2015-02-10 20:00:00,61033.0,0.1106,0.0831,0.0,51.66
2015-02-11 00:00:00,48200.0,0.0656,0.0345,0.0,30.57
2015-02-11 04:00:00,52002.0,0.0274,0.0348,0.0,31.39
2015-02-11 08:00:00,68656.0,0.015,0.0291,0.0592,64.91
2015-02-11 12:00:00,68707.0,0.0082,0.0352,0.1227,49.06
2015-02-11 16:00:00,67692.0,0.024,0.0192,0.0062,50.86
2015-02-11 20:00:00,61517.0,0.0775,0.0273,0.0,55.62
2015-02-12 00:00:00,49442.0,0.0569,0.0152,0.0,36.63
2015-02-12 04:00:00,52260.0,0.035,0.0113,0.0,32.35
2015-02-12 08:00:00,69053.0,0.0231,0.0106,0.1011,70.6
2015-02-12 12:00:00,68081.0,0.0112,0.0054,0.2002,44.91
2015-02-12 16:00:00,66263.0,0.0274,0.0186,0.0086,49.96
2015-02-12 20:00:00,60437.0,0.0793,0.081,0.0,54.98
2015-02-13 00:00:00,49453.0,0.057,0.1297,0.0,31.03
2015-02-13 04:00:00,52382.0,0.0706,0.1534,0.0,31.88
2015-02-13 08:00:00,67666.0,0.0575,0.2182,0.1498,57.84
2015-02-13 12:00:00,65704.0,0.0679,0.2132,0.3849,38.05
2015-02-13 16:00:00,64277.0,0.2008,0.3317,0.016,43.2
2015-02-13 20:00:00,58611.0,0.2053,0.38,0.0,31.81
2015-02-14 00:00:00,47675.0,0.142,0.2044,0.0,28.81
2015-02-14 04:00:00,45477.0,0.1153,0.2244,0.0,27.68
2015-02-14 08:00:00,55204.0,0.0554,0.1882,0.2051,31.17
2015-02-14 12:00:00,53811.0,0.0376,0.1685,0.4656,31.06
2015-02-14 16:00:00,54665.0,0.1361,0.2595,0.0182,36.35
2015-02-14 20:00:00,51102.0,0.142,0.3261,0.0,37.64
2015-02-15 00:00:00,43250.0,0.1149,0.4196,0.0,30.59
2015-02-15 04:00:00,41061.0,0.1272,0.6607,0.0,29.28
2015-02-15 08:00:00,48903.0,0.1475,0.6533,0.1677,30.52
2015-02-15 12:00:00,49258.0,0.18,0.5188,0.3909,25.93
2015-02-15 16:00:00,50131.0,0.3187,0.518,0.0195,26.64
2015-02-15 20:00:00,50496.0,0.2478,0.5161,0.0,31.83
2015-02-16 00:00:00,44112.0,0.1532,0.3292,0.0,26.72
2015-02-16 04:00:00,48741.0,0.1542,0.4485,0.0,25.89
2015-02-16 08:00:00,65821.0,0.207,0.4471,0.1563,44.91
2015-02-16 12:00:00,65735.0,0.1972,0.3585,0.3543,30.59
2015-02-16 16:00:00,63735.0,0.2326,0.2457,0.1547,40.68
2015-02-16 20:00:00,59863.0,0.173,0.2705,0.0,42.99
2015-02-17 00:00:00,49392.0,0.0762,0.1492,0.0,29.09
2015-02-17 04:00:00,52154.0,0.0419,0.0768,0.0,30.03
2015-02-17 08:00:00,67988.0,0.0307,0.0757,0.1636,55.55
2015-02-17 12:00:00,68227.0,0.0339,0.15,0.23,43.31
2015-02-17 16:00:00,67240.0,0.0759,0.1822,0.0078,44.92
2015-02-17 20:00:00,60315.0,0.0903,0.2929,0.0,49.94
2015-02-18 00:00:00,48471.0,0.0635,0.3233,0.0,30.3
2015-02-18 04:00:00,52152.0,0.0606,0.3822,0.0,31.03
2015-02-18 08:00:00,68986.0,0.0851,0.5204,0.0909,57.8
2015-02-18 12:00:00,68638.0,0.1488,0.6821,0.2823,47.0
2015-02-18 16:00:00,66769.0,0.1992,0.7171,0.0167,44.71
2015-02-18 20:00:00,61965.0,0.2723,0.7356,0.0,44.94
2015-02-19 00:00:00,50002.0,0.2505,0.7446,0.0,30.9
2015-02-19 04:00:00,53122.0,0.1956,0.7302,0.0,29.93
2015-02-19 08:00:00,68785.0,0.2475,0.8026,0.1842,50.45
2015-02-19 12:00:00,68467.0,0.2713,0.7925,0.3996,37.61
2015-02-19 16:00:00,66194.0,0.2895,0.8183,0.0275,44.87
2015-02-19 20:00:00,62723.0,0.2944,0.8364,0.0,37.39
2015-02-20 00:00:00,50961.0,0.2666,0.8203,0.0,25.5
2015-02-20 04:00:00,53178.0,0.2962,0.7182,0.0,23.48
2015-02-20 08:00:00,67964.0,0.4052,0.7278,0.1986,32.8
2015-02-20 12:00:00,67283.0,0.4777,0.4668,0.3827,26.66
2015-02-20 16:00:00,64303.0,0.3556,0.1998,0.0298,32.17
2015-02-20 20:00:00,58728.0,0.3329,0.0462,0.0,39.34
2015-02-21 00:00:00,47205.0,0.3616,0.0187,0.0,28.57
2015-02-21 04:00:00,44916.0,0.3466,0.0606,0.0,24.96
2015-02-21 08:00:00,55512.0,0.2602,0.0711,0.1322,26.08
2015-02-21 12:00:00,57274.0,0.4128,0.184,0.2223,26.17
2015-02-21 16:00:00,54707.0,0.2216,0.2424,0.0223,31.0
2015-02-21 20:00:00,51120.0,0.1479,0.2231,0.0,38.62
2015-02-22 00:00:00,42571.0,0.095,0.2803,0.0,36.86
2015-02-22 04:00:00,40525.0,0.0791,0.4004,0.0,32.21
2015-02-22 08:00:00,48136.0,0.0763,0.3841,0.1786,35.01
2015-02-22 12:00:00,50289.0,0.1094,0.4028,0.2213,36.33
2015-02-22 16:00:00,50366.0,0.1126,0.637,0.0354,28.03
2015-02-22 20:00:00,51742.0,0.2985,0.8931,0.0,31.09
2015-02-23 00:00:00,45922.0,0.4185,0.9436,0.0,18.62
2015-02-23 04:00:00,51330.0,0.5142,0.8772,0.0,12.25
2015-02-23 08:00:00,69748.0,0.434,0.6804,0.0674,30.65
2015-02-23 12:00:00,70653.0,0.2896,0.5384,0.1211,39.94
2015-02-23 16:00:00,66902.0,0.2217,0.5161,0.016,40.66
2015-02-23 20:00:00,61170.0,0.252,0.5409,0.0,37.32
2015-02-24 00:00:00,49046.0,0.2623,0.6672,0.0,25.77
2015-02-24 04:00:00,52948.0,0.297,0.8381,0.0,24.91
2015-02-24 08:00:00,68659.0,0.3736,0.7773,0.2205,42.92
2015-02-24 12:00:00,69540.0,0.4161,0.6715,0.2458,29.0
2015-02-24 16:00:00,66139.0,0.3015,0.7019,0.0299,42.31
2015-02-24 20:00:00,61108.0,0.2614,0.6429,0.0,44.4
2015-02-25 00:00:00,48867.0,0.1406,0.5352,0.0,29.62
2015-02-25 04:00:00,52486.0,0.1057,0.4552,0.0,30.02
2015-02-25 08:00:00,66627.0,0.0884,0.2991,0.2579,49.9
2015-02-25 12:00:00,67623.0,0.1,0.1384,0.3319,44.23
2015-02-25 16:00:00,64947.99999999999,0.0437,0.0024,0.0488,49.93
2015-02-25 20:00:00,60917.0,0.0602,0.0001,0.0,52.25
2015-02-26 00:00:00,48407.0,0.0612,0.0176,0.0,30.9
2015-02-26 04:00:00,52093.0,0.081,0.1765,0.0,29.43
2015-02-26 08:00:00,66816.0,0.0664,0.5268,0.3159,55.64
2015-02-26 12:00:00,68412.0,0.2003,0.6876,0.5243,30.94
2015-02-26 16:00:00,65180.00000000001,0.278,0.7767,0.0654,39.92
2015-02-26 20:00:00,62317.0,0.3494,0.3615,0.0,37.79
2015-02-27 00:00:00,51110.0,0.2256,0.1563,0.0,26.72
2015-02-27 04:00:00,53946.0,0.1549,0.319,0.0,28.02
2015-02-27 08:00:00,67971.0,0.0665,0.24,0.2241,43.07
2015-02-27 12:00:00,67414.0,0.1203,0.1973,0.3315,35.59
2015-02-27 16:00:00,64601.0,0.1183,0.1097,0.0325,41.62
2015-02-27 20:00:00,59803.0,0.1245,0.099,0.0,47.19
2015-02-28 00:00:00,50517.0,0.0872,0.1421,0.0,28.48
2015-02-28 04:00:00,48654.0,0.0784,0.3206,0.0,27.3
2015-02-28 08:00:00,56842.0,0.0949,0.5125,0.2822,38.95
2015-02-28 12:00:00,56554.0,0.1603,0.65,0.385,25.89
2015-02-28 16:00:00,54951.0,0.191,0.7484,0.0783,30.08
2015-02-28 20:00:00,54378.0,0.3938,0.8579,0.0,27.01
2015-03-01 00:00:00,46521.0,0.4179,0.9041,0.0,11.76
2015-03-01 04:00:00,45045.0,0.5101,0.9128,0.0,-2.0
2015-03-01 08:00:00,52194.0,0.566,0.8477,0.072,3.91
2015-03-01 12:00:00,54712.0,0.5858,0.8773,0.1601,14.36
2015-03-01 16:00:00,53359.0,0.437,0.8035,0.0306,11.6
2015-03-01 20:00:00,53448.0,0.3299,0.6061,0.0,24.8
2015-03-02 00:00:00,47257.0,0.3516,0.6423,0.0,18.0
2015-03-02 04:00:00,52768.0,0.4767,0.805,0.0,12.0
2015-03-02 08:00:00,67277.0,0.7006,0.8816,0.1879,35.99
2015-03-02 12:00:00,68617.0,0.7293,0.848,0.289,25.89
2015-03-02 16:00:00,66127.0,0.5363,0.7853,0.0486,28.5
2015-03-02 20:00:00,62429.0,0.5247,0.7908,0.0,29.83
2015-03-03 00:00:00,52332.0,0.5643,0.8803,0.0,13.76
2015-03-03 04:00:00,55093.0,0.4931,0.6734,0.0,13.77
2015-03-03 08:00:00,67826.0,0.4921,0.6482,0.3147,30.16
2015-03-03 12:00:00,68848.0,0.5084,0.5435,0.3653,21.9
2015-03-03 16:00:00,65709.0,0.2907,0.3625,0.0409,34.8
2015-03-03 20:00:00,61961.0,0.2902,0.5051,0.0,40.09
2015-03-04 00:00:00,51632.0,0.3435,0.5455,0.0,23.31
2015-03-04 04:00:00,55212.0,0.3079,0.6657,0.0,18.04
2015-03-04 08:00:00,68234.0,0.3905,0.7558,0.2438,34.07
2015-03-04 12:00:00,69519.0,0.5312,0.7003,0.1891,15.57
2015-03-04 16:00:00,65965.0,0.3598,0.5982,0.051,26.67
2015-03-04 20:00:00,62970.0,0.365,0.5425,0.0,31.36
2015-03-05 00:00:00,52238.0,0.2726,0.3147,0.0,25.02
2015-03-05 04:00:00,55233.0,0.1886,0.2702,0.0,24.49
2015-03-05 08:00:00,68081.0,0.1374,0.224,0.1757,42.61
2015-03-05 12:00:00,68635.0,0.197,0.1995,0.2515,28.69
2015-03-05 16:00:00,64900.99999999999,0.1116,0.2877,0.0639,37.92
2015-03-05 20:00:00,61920.0,0.1313,0.3943,0.0,53.99
2015-03-06 00:00:00,51673.0,0.1179,0.4389,0.0,30.48
2015-03-06 04:00:00,54618.0,0.1179,0.4077,0.0,27.47
2015-03-06 08:00:00,68046.0,0.1123,0.3795,0.1766,49.22
2015-03-06 12:00:00,66592.0,0.1842,0.4402,0.2012,39.44
2015-03-06 16:00:00,63042.0,0.1017,0.328,0.0478,41.26
2015-03-06 20:00:00,59148.0,0.1715,0.3973,0.0,42.98
2015-03-07 00:00:00,49861.0,0.1988,0.6193,0.0,34.09
2015-03-07 04:00:00,49362.0,0.2138,0.6844,0.0,24.65
2015-03-07 08:00:00,57586.0,0.1852,0.7502,0.2684,28.84
2015-03-07 12:00:00,56815.0,0.31,0.7665,0.5149,22.5
2015-03-07 16:00:00,53577.0,0.3187,0.7618,0.0778,29.34
2015-03-07 20:00:00,53461.0,0.3605,0.763,0.0,34.92
2015-03-08 00:00:00,45443.0,0.3242,0.7276,0.0,17.73
2015-03-08 04:00:00,44467.0,0.2729,0.6571,0.0,16.24
2015-03-08 08:00:00,50654.0,0.1184,0.5512,0.3924,15.57
2015-03-08 12:00:00,50948.0,0.1836,0.4859,0.608,20.03
2015-03-08 16:00:00,49957.0,0.2046,0.3419,0.0768,15.53
2015-03-08 20:00:00,52400.0,0.2415,0.3353,0.0,38.94
2015-03-09 00:00:00,45983.0,0.1728,0.3069,0.0,25.96
2015-03-09 04:00:00,51034.0,0.09,0.1205,0.0,26.65
2015-03-09 08:00:00,66068.0,0.0167,0.0144,0.2866,56.65
2015-03-09 12:00:00,66502.0,0.0045,0.0385,0.5169,31.56
2015-03-09 16:00:00,62881.0,0.0138,0.1895,0.1123,40.0
2015-03-09 20:00:00,60956.0,0.1619,0.6311,0.0,50.01
2015-03-10 00:00:00,49719.0,0.1934,0.6079,0.0,29.92
2015-03-10 04:00:00,53635.0,0.1055,0.4571,0.0,30.38
2015-03-10 08:00:00,67217.0,0.061,0.4114,0.2675,42.91
2015-03-10 12:00:00,67765.0,0.0962,0.3449,0.3444,30.91
2015-03-10 16:00:00,63939.0,0.1452,0.3071,0.0692,40.06
2015-03-10 20:00:00,60302.0,0.2048,0.2881,0.0,50.98
2015-03-11 00:00:00,46651.0,0.1282,0.2762,0.0,27.02
2015-03-11 04:00:00,51731.0,0.1078,0.2736,0.0,27.3
2015-03-11 08:00:00,66644.0,0.1344,0.1106,0.2627,39.94
2015-03-11 12:00:00,67054.0,0.1322,0.0406,0.4832,26.03
2015-03-11 16:00:00,62785.0,0.0905,0.026,0.1113,32.0
2015-03-11 20:00:00,60123.0,0.0986,0.0144,0.0,47.72
2015-03-12 00:00:00,47088.0,0.0459,0.0108,0.0,29.44
2015-03-12 04:00:00,51596.0,0.0131,0.0054,0.0,30.94
2015-03-12 08:00:00,66203.0,0.0119,0.027,0.2831,58.13
2015-03-12 12:00:00,67138.0,0.0597,0.0468,0.3838,33.36
2015-03-12 16:00:00,62916.0,0.1142,0.1797,0.1023,37.9
2015-03-12 20:00:00,59990.0,0.1786,0.3921,0.0,44.41
2015-03-13 00:00:00,47474.0,0.1125,0.4131,0.0,27.16
2015-03-13 04:00:00,51301.0,0.0977,0.3338,0.0,28.71
2015-03-13 08:00:00,67042.0,0.111,0.3686,0.2676,49.9
2015-03-13 12:00:00,65126.00000000001,0.1126,0.3032,0.2989,33.22
2015-03-13 16:00:00,62667.0,0.1392,0.4445,0.071,37.92
2015-03-13 20:00:00,58023.0,0.1441,0.3762,0.0,42.71
2015-03-14 00:00:00,46005.0,0.1253,0.3802,0.0,30.37
2015-03-14 04:00:00,45243.0,0.0906,0.378,0.0,30.26
2015-03-14 08:00:00,56027.0,0.1239,0.4223,0.125,35.55
2015-03-14 12:00:00,55594.0,0.1531,0.358,0.1498,31.32
2015-03-14 16:00:00,54269.0,0.1534,0.4427,0.0441,28.66
2015-03-14 20:00:00,50562.0,0.1692,0.4594,0.0,37.59
2015-03-15 00:00:00,41017.0,0.1256,0.3449,0.0,31.27
2015-03-15 04:00:00,39849.0,0.1128,0.3827,0.0,25.37
2015-03-15 08:00:00,48495.0,0.1991,0.3747,0.1479,26.01
2015-03-15 12:00:00,50956.0,0.2597,0.369,0.2001,24.04
2015-03-15 16:00:00,49504.0,0.2757,0.5624,0.066,24.51
2015-03-15 20:00:00,50606.0,0.3632,0.5686,0.0,34.54
2015-03-16 00:00:00,43104.0,0.2973,0.4554,0.0,22.6
2015-03-16 04:00:00,48938.0,0.2336,0.5632,0.0,22.95
2015-03-16 08:00:00,66121.0,0.3349,0.5366,0.3376,40.44
2015-03-16 12:00:00,66815.0,0.4427,0.5075,0.5354,24.02
2015-03-16 16:00:00,62738.0,0.3667,0.587,0.1085,27.29
2015-03-16 20:00:00,60063.0,0.3394,0.6232,0.0,40.6
2015-03-17 00:00:00,46460.0,0.2415,0.43,0.0,22.89
2015-03-17 04:00:00,51785.0,0.1439,0.2355,0.0,23.46
2015-03-17 08:00:00,64922.0,0.1398,0.1499,0.3898,40.23
2015-03-17 12:00:00,65996.0,0.1744,0.1339,0.6334,25.32
2015-03-17 16:00:00,61140.0,0.198,0.2008,0.1268,32.99
2015-03-17 20:00:00,58870.0,0.2531,0.2768,0.0,44.21
2015-03-18 00:00:00,45693.0,0.1721,0.1174,0.0,27.42
2015-03-18 04:00:00,50597.0,0.1131,0.0518,0.0,27.51
2015-03-18 08:00:00,64644.00000000001,0.0723,0.0567,0.4554,43.95
2015-03-18 12:00:00,64928.0,0.0861,0.0458,0.7091,30.91
2015-03-18 16:00:00,61063.0,0.1163,0.061,0.1988,39.26
2015-03-18 20:00:00,58318.0,0.1772,0.0819,0.0,50.63
2015-03-19 00:00:00,44999.0,0.0831,0.0908,0.0,29.29
2015-03-19 04:00:00,50392.0,0.0536,0.1472,0.0,28.16
2015-03-19 08:00:00,64971.99999999999,0.0162,0.1058,0.3896,46.01
2015-03-19 12:00:00,65722.0,0.0078,0.0474,0.6587,29.51
2015-03-19 16:00:00,61710.0,0.0342,0.0795,0.1569,35.83
2015-03-19 20:00:00,58615.0,0.0642,0.1135,0.0,48.51
2015-03-20 00:00:00,45022.0,0.0167,0.064,0.0,32.21
2015-03-20 04:00:00,50513.0,0.0258,0.0527,0.0,28.66
2015-03-20 08:00:00,65095.0,0.0065,0.0514,0.4208,42.95
2015-03-20 12:00:00,64604.0,0.0175,0.0707,0.6326,25.75
2015-03-20 16:00:00,59976.0,0.0351,0.1435,0.1465,30.56
2015-03-20 20:00:00,57051.0,0.0556,0.3614,0.0,49.84
2015-03-21 00:00:00,44669.0,0.0929,0.3041,0.0,32.24
2015-03-21 04:00:00,44110.0,0.074,0.1449,0.0,28.36
2015-03-21 08:00:00,54810.0,0.0631,0.1302,0.2502,35.92
2015-03-21 12:00:00,55545.0,0.0966,0.6362,0.2472,37.44
2015-03-21 16:00:00,53157.0,0.1847,0.8245,0.0616,29.9
2015-03-21 20:00:00,49904.0,0.3467,0.622,0.0,32.26
2015-03-22 00:00:00,40680.0,0.3112,0.283,0.0,20.33
2015-03-22 04:00:00,39355.0,0.2233,0.1414,0.0,23.82
2015-03-22 08:00:00,47583.0,0.2189,0.082,0.2523,23.56
2015-03-22 12:00:00,47963.0,0.0554,0.0301,0.4177,24.34
2015-03-22 16:00:00,47181.0,0.0337,0.0033,0.1377,22.33
2015-03-22 20:00:00,49546.0,0.082,0.0373,0.0,41.9
2015-03-23 00:00:00,43314.0,0.0995,0.2698,0.0,28.68
2015-03-23 04:00:00,48855.0,0.0788,0.3414,0.0,28.12
2015-03-23 08:00:00,65747.0,0.0395,0.3061,0.3587,55.68
2015-03-23 12:00:00,65576.0,0.0672,0.3518,0.5843,30.4
2015-03-23 16:00:00,61747.0,0.0459,0.2824,0.1296,41.66
2015-03-23 20:00:00,59211.0,0.0492,0.1643,0.0,58.59
2015-03-24 00:00:00,45988.0,0.0351,0.0787,0.0,32.95
2015-03-24 04:00:00,51195.0,0.023,0.0323,0.0,34.2
2015-03-24 08:00:00,65572.0,0.0057,0.0177,0.339,58.97
2015-03-24 12:00:00,66533.0,0.0074,0.0033,0.4736,44.39
2015-03-24 16:00:00,62312.0,0.0064,0.0,0.1167,54.95
2015-03-24 20:00:00,59248.0,0.0436,0.0004,0.0,62.96
2015-03-25 00:00:00,45603.0,0.0809,0.01,0.0,31.08
2015-03-25 04:00:00,50830.0,0.0872,0.0321,0.0,30.91
2015-03-25 08:00:00,65585.0,0.0997,0.0868,0.4076,49.97
2015-03-25 12:00:00,66264.0,0.1315,0.3463,0.5852,30.88
2015-03-25 16:00:00,62472.0,0.1657,0.3105,0.0843,44.93
2015-03-25 20:00:00,59036.0,0.1987,0.1716,0.0,46.55
2015-03-26 00:00:00,45285.0,0.1421,0.2748,0.0,25.4
2015-03-26 04:00:00,50629.0,0.0918,0.1802,0.0,28.37
2015-03-26 08:00:00,67711.0,0.0696,0.1079,0.1194,49.98
2015-03-26 12:00:00,67288.0,0.0908,0.2302,0.1831,50.4
2015-03-26 16:00:00,64116.0,0.0563,0.3402,0.0549,43.96
2015-03-26 20:00:00,59654.0,0.1091,0.4739,0.0,42.83
2015-03-27 00:00:00,46515.0,0.1572,0.2194,0.0,27.69
2015-03-27 04:00:00,50706.0,0.1695,0.0798,0.0,27.19
2015-03-27 08:00:00,66168.0,0.2312,0.0912,0.2261,43.02
2015-03-27 12:00:00,66579.0,0.3204,0.1605,0.2243,32.28
2015-03-27 16:00:00,62599.0,0.243,0.1864,0.0759,30.61
2015-03-27 20:00:00,57260.0,0.2144,0.1332,0.0,38.2
2015-03-28 00:00:00,44725.0,0.1411,0.1188,0.0,25.68
2015-03-28 04:00:00,44232.0,0.0698,0.0458,0.0,28.08
2015-03-28 08:00:00,54337.0,0.0463,0.2227,0.3688,38.39
2015-03-28 12:00:00,53793.0,0.1658,0.6106,0.491,25.86
2015-03-28 16:00:00,52332.0,0.2257,0.7223,0.1002,23.7
2015-03-28 20:00:00,50066.0,0.4113,0.7973,0.0,25.19
2015-03-29 00:00:00,37027.0,0.4794,0.7119,0.0,9.9
2015-03-29 04:00:00,38381.0,0.5219,0.4859,0.0,6.98
2015-03-29 08:00:00,48722.0,0.5793,0.6111,0.1212,10.69
2015-03-29 12:00:00,49447.0,0.5421,0.4492,0.1678,14.95
2015-03-29 16:00:00,51327.0,0.5314,0.1217,0.0427,10.55
2015-03-29 20:00:00,52132.0,0.723,0.5271,0.0,24.43
2015-03-30 00:00:00,43247.0,0.7745,0.6725,0.0,-19.2
2015-03-30 04:00:00,56411.0,0.734,0.8889,0.0,-2.49
2015-03-30 08:00:00,69247.0,0.8617,0.9601,0.2365,30.25
2015-03-30 12:00:00,68259.0,0.8898,0.9491,0.3886,16.06
2015-03-30 16:00:00,63136.0,0.7849,0.8857,0.1428,11.41
2015-03-30 20:00:00,57962.0,0.4121,0.6247,0.0,43.54
2015-03-31 00:00:00,46760.0,0.3822,0.8023,0.0,17.96
2015-03-31 04:00:00,58348.0,0.6612,0.8901,0.0,8.88
2015-03-31 08:00:00,70620.0,0.8661,0.9459,0.1652,27.05
2015-03-31 12:00:00,69559.0,0.944,0.8439,0.2772,23.23
2015-03-31 16:00:00,64444.99999999999,0.9371,0.8844,0.1032,13.87
2015-03-31 20:00:00,59808.0,0.8376,0.9022,0.0,19.23
2015-04-01 00:00:00,47964.0,0.7403,0.8354,0.0,9.34
2015-04-01 04:00:00,59165.0,0.6886,0.904,0.0,5.06
2015-04-01 08:00:00,70117.0,0.7878,0.8795,0.2331,31.0
2015-04-01 12:00:00,68476.0,0.8269,0.7744,0.383,13.55
2015-04-01 16:00:00,63752.0,0.6203,0.7943,0.1143,16.97
2015-04-01 20:00:00,57820.0,0.4323,0.7362,0.0,32.76
2015-04-02 00:00:00,46497.0,0.3969,0.6328,0.0,24.34
2015-04-02 04:00:00,58000.0,0.3318,0.567,0.0,24.31
2015-04-02 08:00:00,68693.0,0.4316,0.7279,0.1706,48.3
2015-04-02 12:00:00,65893.0,0.6157,0.7228,0.3672,39.13
2015-04-02 16:00:00,61257.0,0.5015,0.5456,0.142,24.03
2015-04-02 20:00:00,54800.0,0.3677,0.4886,0.0,39.06
2015-04-03 00:00:00,43407.0,0.2643,0.395,0.0,19.46
2015-04-03 04:00:00,40515.0,0.1979,0.2858,0.0,22.01
2015-04-03 08:00:00,50296.0,0.2142,0.1274,0.3577,22.58
2015-04-03 12:00:00,47345.0,0.1676,0.0722,0.4887,15.35
2015-04-03 16:00:00,46567.0,0.0881,0.071,0.1546,16.95
2015-04-03 20:00:00,46801.0,0.1045,0.0584,0.0,39.97
2015-04-04 00:00:00,38014.0,0.0754,0.0792,0.0,27.58
2015-04-04 04:00:00,39914.0,0.0359,0.1441,0.0,25.1
2015-04-04 08:00:00,49888.0,0.0309,0.1212,0.2938,31.1
2015-04-04 12:00:00,48627.0,0.0675,0.1369,0.3604,26.07
2015-04-04 16:00:00,48972.0,0.1074,0.1546,0.1421,24.45
2015-04-04 20:00:00,45792.0,0.1495,0.1262,0.0,33.18
2015-04-05 00:00:00,37335.0,0.0785,0.0488,0.0,29.62
2015-04-05 04:00:00,35785.0,0.0493,0.0125,0.0,24.6
2015-04-05 08:00:00,45689.0,0.0379,0.011,0.5302,25.41
2015-04-05 12:00:00,42337.0,0.066,0.0802,0.4765,23.1
2015-04-05 16:00:00,41917.0,0.0944,0.1338,0.1581,12.2
2015-04-05 20:00:00,44092.0,0.1175,0.1071,0.0,39.0
2015-04-06 00:00:00,35436.0,0.0862,0.0887,0.0,27.01
2015-04-06 04:00:00,35659.0,0.0689,0.0786,0.0,24.62
2015-04-06 08:00:00,46112.0,0.0901,0.0671,0.3223,24.03
2015-04-06 12:00:00,44509.0,0.1161,0.0247,0.4129,25.98
2015-04-06 16:00:00,44811.0,0.088,0.0018,0.1746,16.68
2015-04-06 20:00:00,47245.0,0.0673,0.0092,0.0,37.99
2015-04-07 00:00:00,39560.0,0.0197,0.0528,0.0,34.67
2015-04-07 04:00:00,53940.0,0.0783,0.1599,0.0,29.28
2015-04-07 08:00:00,66642.0,0.1371,0.2618,0.4353,46.62
2015-04-07 12:00:00,65706.0,0.2319,0.3655,0.5056,26.8
2015-04-07 16:00:00,61147.0,0.2101,0.243,0.1452,28.91
2015-04-07 20:00:00,56103.0,0.186,0.1861,0.0,52.23
2015-04-08 00:00:00,44746.0,0.1448,0.2282,0.0,29.45
2015-04-08 04:00:00,56148.0,0.1272,0.2079,0.0,28.92
2015-04-08 08:00:00,66692.0,0.126,0.1492,0.2715,54.8
2015-04-08 12:00:00,64081.99999999999,0.0737,0.0875,0.4548,40.39
2015-04-08 16:00:00,60004.0,0.0246,0.0406,0.1741,41.11
2015-04-08 20:00:00,55364.0,0.0313,0.0223,0.0,58.24
2015-04-09 00:00:00,43456.0,0.032,0.0117,0.0,31.77
2015-04-09 04:00:00,54561.0,0.0421,0.0139,0.0,31.24
2015-04-09 08:00:00,65959.0,0.0316,0.0129,0.4624,69.03
2015-04-09 12:00:00,63235.0,0.0047,0.0136,0.699,32.22
2015-04-09 16:00:00,58588.0,0.0018,0.0132,0.2133,36.05
2015-04-09 20:00:00,54042.0,0.0221,0.0158,0.0,59.98
2015-04-10 00:00:00,42344.0,0.0286,0.0085,0.0,29.99
2015-04-10 04:00:00,54505.0,0.0236,0.0049,0.0,29.47
2015-04-10 08:00:00,65453.99999999999,0.0021,0.0002,0.532,54.25
2015-04-10 12:00:00,61598.0,0.0044,0.0057,0.7083,28.21
2015-04-10 16:00:00,57499.0,0.01,0.0206,0.1983,28.23
2015-04-10 20:00:00,52023.0,0.1457,0.1023,0.0,48.56
2015-04-11 00:00:00,40371.0,0.2325,0.17,0.0,34.02
2015-04-11 04:00:00,42321.0,0.2443,0.2206,0.0,25.14
2015-04-11 08:00:00,54036.0,0.2119,0.2297,0.3978,29.0
2015-04-11 12:00:00,51632.0,0.4798,0.5328,0.4039,15.58
2015-04-11 16:00:00,51799.0,0.449,0.7863,0.0912,15.74
2015-04-11 20:00:00,47207.0,0.3968,0.7912,0.0,24.5
2015-04-12 00:00:00,37000.0,0.3282,0.6683,0.0,-14.47
2015-04-12 04:00:00,36798.0,0.1699,0.4017,0.0,11.37
2015-04-12 08:00:00,47625.0,0.2288,0.4365,0.45,14.87
2015-04-12 12:00:00,45110.0,0.2504,0.4454,0.5879,-4.96
2015-04-12 16:00:00,46467.0,0.2312,0.5914,0.2027,-19.11
2015-04-12 20:00:00,47740.0,0.4834,0.8683,0.0,31.93
2015-04-13 00:00:00,39259.0,0.6343,0.821,0.0,0.03
2015-04-13 04:00:00,56224.0,0.5032,0.6356,0.0,-7.72
2015-04-13 08:00:00,65978.0,0.4126,0.5795,0.4116,41.81
2015-04-13 12:00:00,64745.99999999999,0.4325,0.4102,0.4887,23.24
2015-04-13 16:00:00,60167.0,0.3113,0.3011,0.1741,24.32
2015-04-13 20:00:00,54473.0,0.1522,0.1843,0.0,52.32
2015-04-14 00:00:00,43554.0,0.0834,0.2045,0.0,30.06
2015-04-14 04:00:00,57449.0,0.1293,0.5066,0.0,27.08
2015-04-14 08:00:00,66564.0,0.1635,0.5242,0.4833,53.84
2015-04-14 12:00:00,65596.0,0.3597,0.5522,0.5527,28.2
2015-04-14 16:00:00,60556.0,0.3369,0.5061,0.1471,23.5
2015-04-14 20:00:00,54817.0,0.294,0.3986,0.0,40.95
2015-04-15 00:00:00,42842.0,0.1958,0.3823,0.0,23.05
2015-04-15 04:00:00,56947.0,0.2094,0.4292,0.0001,24.7
2015-04-15 08:00:00,67247.0,0.2322,0.4898,0.5511,41.93
2015-04-15 12:00:00,64711.0,0.5158,0.6212,0.7555,20.09
2015-04-15 16:00:00,60998.0,0.4348,0.5422,0.2239,13.13
2015-04-15 20:00:00,54864.0,0.3068,0.3846,0.0,41.59
2015-04-16 00:00:00,42673.0,0.1936,0.279,0.0,25.31
2015-04-16 04:00:00,56209.0,0.1121,0.306,0.0,25.07
2015-04-16 08:00:00,66177.0,0.102,0.2713,0.4485,52.0
2015-04-16 12:00:00,64221.99999999999,0.1725,0.3578,0.5931,26.94
2015-04-16 16:00:00,59393.0,0.1748,0.3085,0.1708,30.04
2015-04-16 20:00:00,52959.0,0.147,0.2347,0.0,49.49
2015-04-17 00:00:00,41432.0,0.1097,0.2495,0.0,29.22
2015-04-17 04:00:00,54832.0,0.0866,0.2714,0.0003,27.72
2015-04-17 08:00:00,65533.0,0.1081,0.2556,0.3406,54.9
2015-04-17 12:00:00,61947.0,0.1528,0.2529,0.3938,42.11
2015-04-17 16:00:00,57893.0,0.2244,0.285,0.152,30.07
2015-04-17 20:00:00,51710.0,0.2004,0.259,0.0,45.7
2015-04-18 00:00:00,40428.0,0.147,0.1371,0.0,31.89
2015-04-18 04:00:00,42045.0,0.0631,0.0931,0.0004,25.04
2015-04-18 08:00:00,54555.0,0.0794,0.0765,0.516,29.19
2015-04-18 12:00:00,49460.0,0.0793,0.0911,0.5983,20.38
2015-04-18 16:00:00,48670.0,0.0857,0.1616,0.2378,15.11
2015-04-18 20:00:00,45265.0,0.0762,0.2785,0.0,43.94
2015-04-19 00:00:00,35989.0,0.0595,0.2671,0.0,26.4
2015-04-19 04:00:00,35895.0,0.0347,0.0424,0.0005,20.44
2015-04-19 08:00:00,46861.0,0.0157,0.0338,0.5628,23.01
2015-04-19 12:00:00,44168.0,0.0171,0.0096,0.7471,19.94
2015-04-19 16:00:00,44907.0,0.0377,0.0245,0.2484,16.14
2015-04-19 20:00:00,45722.0,0.1126,0.0924,0.0,39.51
2015-04-20 00:00:00,37903.0,0.0878,0.0951,0.0,29.18
2015-04-20 04:00:00,53216.0,0.1067,0.0948,0.0014,22.73
2015-04-20 08:00:00,63738.0,0.09,0.1245,0.6004,44.0
2015-04-20 12:00:00,62626.0,0.1574,0.1314,0.7838,26.74
2015-04-20 16:00:00,58227.0,0.1513,0.1187,0.2381,26.45
2015-04-20 20:00:00,52566.0,0.1475,0.1417,0.0,45.39
2015-04-21 00:00:00,41324.0,0.0718,0.1685,0.0,27.48
2015-04-21 04:00:00,53935.0,0.175,0.2301,0.0015,26.87
2015-04-21 08:00:00,64846.0,0.2382,0.3139,0.5966,42.97
2015-04-21 12:00:00,64295.0,0.3812,0.3463,0.781,24.35
2015-04-21 16:00:00,59259.0,0.325,0.3583,0.25,22.13
2015-04-21 20:00:00,53273.0,0.27,0.4485,0.0,43.34
2015-04-22 00:00:00,42047.0,0.1989,0.6058,0.0,25.32
2015-04-22 04:00:00,54876.0,0.1469,0.6022,0.0004,22.96
2015-04-22 08:00:00,65652.0,0.0863,0.3609,0.3907,50.39
2015-04-22 12:00:00,63359.0,0.0494,0.1651,0.5325,30.03
2015-04-22 16:00:00,58663.0,0.0415,0.1419,0.2286,30.05
2015-04-22 20:00:00,52688.0,0.0597,0.1365,0.0,50.44
2015-04-23 00:00:00,42056.0,0.0705,0.1502,0.0,31.09
2015-04-23 04:00:00,55044.0,0.0557,0.0833,0.0014,25.94
2015-04-23 08:00:00,64319.99999999999,0.0473,0.1076,0.4858,46.37
2015-04-23 12:00:00,62138.0,0.0478,0.1027,0.7117,28.79
2015-04-23 16:00:00,58352.0,0.0424,0.1029,0.2485,30.01
2015-04-23 20:00:00,52838.0,0.0565,0.0803,0.0,46.47
2015-04-24 00:00:00,41934.0,0.0432,0.0644,0.0,28.9
2015-04-24 04:00:00,54682.0,0.0647,0.0529,0.0011,25.31
2015-04-24 08:00:00,64879.99999999999,0.0384,0.0727,0.5607,47.44
2015-04-24 12:00:00,62138.0,0.0988,0.1074,0.7618,28.16
2015-04-24 16:00:00,57719.0,0.0564,0.0826,0.2458,27.32
2015-04-24 20:00:00,50943.0,0.0903,0.0949,0.0,41.52
2015-04-25 00:00:00,40119.0,0.212,0.3107,0.0,28.08
2015-04-25 04:00:00,41873.0,0.1988,0.3351,0.0008,21.98
2015-04-25 08:00:00,54085.0,0.0737,0.3839,0.2788,24.96
2015-04-25 12:00:00,50885.0,0.1745,0.3693,0.3211,28.22
2015-04-25 16:00:00,50580.0,0.1348,0.32,0.0766,23.9
2015-04-25 20:00:00,45662.0,0.1496,0.2365,0.0,33.23
2015-04-26 00:00:00,35066.0,0.1566,0.0809,0.0,22.39
2015-04-26 04:00:00,35283.0,0.0975,0.0828,0.0006,17.79
2015-04-26 08:00:00,47048.0,0.0707,0.0988,0.3313,20.14
2015-04-26 12:00:00,45057.0,0.094,0.02,0.4101,22.81
2015-04-26 16:00:00,46978.0,0.0255,0.0184,0.1618,18.13
2015-04-26 20:00:00,46634.0,0.0296,0.0039,0.0,34.97
2015-04-27 00:00:00,38436.0,0.0591,0.0121,0.0,29.72
2015-04-27 04:00:00,54072.0,0.0885,0.0459,0.0012,23.07
2015-04-27 08:00:00,66200.0,0.112,0.1293,0.2871,48.57
2015-04-27 12:00:00,65571.0,0.1629,0.2213,0.3549,39.03
2015-04-27 16:00:00,61731.0,0.209,0.1639,0.1199,31.57
2015-04-27 20:00:00,53206.0,0.1623,0.0809,0.0,40.8
2015-04-28 00:00:00,42487.0,0.1382,0.035,0.0,29.81
2015-04-28 04:00:00,55781.0,0.074,0.0338,0.0016,25.5
2015-04-28 08:00:00,65568.0,0.0711,0.2114,0.3034,57.79
2015-04-28 12:00:00,63605.0,0.1763,0.2746,0.4065,40.99
2015-04-28 16:00:00,60467.0,0.1648,0.3869,0.1558,29.65
2015-04-28 20:00:00,54870.0,0.1512,0.3861,0.0,42.23
2015-04-29 00:00:00,43923.0,0.1386,0.3777,0.0,25.77
2015-04-29 04:00:00,56332.0,0.1207,0.3257,0.0037,25.94
2015-04-29 08:00:00,65554.0,0.1126,0.4129,0.5859,41.39
2015-04-29 12:00:00,63732.0,0.1132,0.4734,0.6986,27.51
2015-04-29 16:00:00,59522.0,0.0801,0.4254,0.1895,28.99
2015-04-29 20:00:00,53611.0,0.2054,0.3391,0.0,43.17
2015-04-30 00:00:00,42135.0,0.1949,0.19,0.0,25.95
2015-04-30 04:00:00,54966.0,0.1298,0.1443,0.0014,26.47
2015-04-30 08:00:00,64864.99999999999,0.1394,0.262,0.4032,43.91
2015-04-30 12:00:00,63799.0,0.1944,0.2815,0.4125,33.12
2015-04-30 16:00:00,59082.0,0.0801,0.1838,0.1445,33.91
2015-04-30 20:00:00,51201.0,0.0797,0.2195,0.0,42.12
2015-05-01 00:00:00,39312.0,0.1134,0.1685,0.0,24.34
2015-05-01 04:00:00,35939.0,0.0659,0.1827,0.0034,22.83
2015-05-01 08:00:00,46566.0,0.055,0.1222,0.2967,19.83
2015-05-01 12:00:00,44507.0,0.0594,0.051,0.3767,24.57
2015-05-01 16:00:00,44519.0,0.0426,0.0675,0.1527,19.97
2015-05-01 20:00:00,43714.0,0.0646,0.0527,0.0,28.69
2015-05-02 00:00:00,34835.0,0.0373,0.0744,0.0,23.94
2015-05-02 04:00:00,38147.0,0.0232,0.0805,0.0054,17.96
2015-05-02 08:00:00,50583.0,0.0193,0.0588,0.4664,26.05
2015-05-02 12:00:00,48018.0,0.0253,0.0444,0.4969,24.22
2015-05-02 16:00:00,48073.0,0.01,0.0274,0.1894,21.09
2015-05-02 20:00:00,44980.0,0.0662,0.0204,0.0,37.95
2015-05-03 00:00:00,35275.0,0.1129,0.0701,0.0,22.97
2015-05-03 04:00:00,35275.0,0.1361,0.241,0.0052,16.96
2015-05-03 08:00:00,46135.0,0.1647,0.4446,0.3462,13.88
2015-05-03 12:00:00,46153.0,0.2672,0.5737,0.3443,21.39
2015-05-03 16:00:00,48796.0,0.2764,0.7036,0.0651,12.16
2015-05-03 20:00:00,47184.0,0.3172,0.6552,0.0,19.96
2015-05-04 00:00:00,38393.0,0.2908,0.6395,0.0,9.59
2015-05-04 04:00:00,53707.0,0.2199,0.4849,0.0046,9.6
2015-05-04 08:00:00,65765.0,0.2432,0.5686,0.3895,39.85
2015-05-04 12:00:00,64446.0,0.1944,0.3503,0.5229,38.9
2015-05-04 16:00:00,60321.0,0.0242,0.0727,0.1865,37.13
2015-05-04 20:00:00,52842.0,0.1347,0.0398,0.0,40.9
2015-05-05 00:00:00,41650.0,0.353,0.4343,0.0,24.0
2015-05-05 04:00:00,55408.0,0.3783,0.8293,0.0038,13.91
2015-05-05 08:00:00,68108.0,0.3964,0.7869,0.2474,34.66
2015-05-05 12:00:00,65605.0,0.5058,0.7993,0.354,30.0
2015-05-05 16:00:00,62549.0,0.5142,0.8328,0.1328,24.85
2015-05-05 20:00:00,53732.0,0.3314,0.8232,0.0,33.3
2015-05-06 00:00:00,41928.0,0.1737,0.6599,0.0,22.93
2015-05-06 04:00:00,54776.0,0.1665,0.5707,0.007,17.1
2015-05-06 08:00:00,65081.99999999999,0.2581,0.5374,0.4086,42.0
2015-05-06 12:00:00,64964.0,0.4204,0.5333,0.5211,24.0
2015-05-06 16:00:00,61011.0,0.3623,0.6042,0.199,17.59
2015-05-06 20:00:00,54528.0,0.329,0.8204,0.0,32.53
2015-05-07 00:00:00,42033.0,0.3735,0.8531,0.0,18.2
2015-05-07 04:00:00,55156.0,0.3259,0.6979,0.0107,12.64
2015-05-07 08:00:00,66919.0,0.4483,0.4049,0.4241,39.11
2015-05-07 12:00:00,64598.0,0.3395,0.3006,0.4988,23.65
2015-05-07 16:00:00,60913.0,0.1682,0.3183,0.2297,23.86
2015-05-07 20:00:00,53534.0,0.0244,0.0899,0.0,46.9
2015-05-08 00:00:00,41957.0,0.0216,0.0358,0.0,29.08
2015-05-08 04:00:00,54418.0,0.0343,0.0352,0.0055,22.05
2015-05-08 08:00:00,65123.99999999999,0.0092,0.0109,0.4939,38.0
2015-05-08 12:00:00,62086.0,0.0014,0.0173,0.5971,32.23
2015-05-08 16:00:00,58223.0,0.0057,0.0787,0.1954,25.86
2015-05-08 20:00:00,51781.0,0.1671,0.2069,0.0,35.82
2015-05-09 00:00:00,39378.0,0.1365,0.4049,0.0,21.99
2015-05-09 04:00:00,41852.0,0.1442,0.501,0.0043,15.75
2015-05-09 08:00:00,56034.0,0.2171,0.6392,0.2773,22.06
2015-05-09 12:00:00,50902.0,0.3903,0.6971,0.389,17.2
2015-05-09 16:00:00,50573.0,0.3251,0.742,0.1534,9.89
2015-05-09 20:00:00,45920.0,0.3132,0.823,0.0,20.28
2015-05-10 00:00:00,35322.0,0.3723,0.8555,0.0,8.1
2015-05-10 04:00:00,35149.0,0.386,0.6968,0.0063,-14.16
2015-05-10 08:00:00,48380.0,0.4232,0.3139,0.4125,-0.08
2015-05-10 12:00:00,44599.0,0.2832,0.1385,0.6588,-7.45
2015-05-10 16:00:00,45398.0,0.1152,0.0849,0.279,1.19
2015-05-10 20:00:00,47114.0,0.0535,0.2459,0.0,27.08
2015-05-11 00:00:00,38524.0,0.1485,0.4368,0.0,22.2
2015-05-11 04:00:00,53237.0,0.1457,0.4084,0.0114,15.96
2015-05-11 08:00:00,66039.0,0.1256,0.3719,0.5127,39.16
2015-05-11 12:00:00,64804.0,0.1604,0.5274,0.6496,29.3
2015-05-11 16:00:00,60526.0,0.1256,0.434,0.2368,27.74
2015-05-11 20:00:00,54026.0,0.2877,0.2067,0.0,39.72
2015-05-12 00:00:00,42319.0,0.1801,0.1756,0.0,23.59
2015-05-12 04:00:00,54528.0,0.1514,0.1479,0.0081,18.98
2015-05-12 08:00:00,65301.0,0.1168,0.1782,0.4387,45.44
2015-05-12 12:00:00,65286.0,0.3755,0.3737,0.5474,31.31
2015-05-12 16:00:00,61999.0,0.5239,0.6286,0.1579,24.88
2015-05-12 20:00:00,54317.0,0.3518,0.6765,0.0,34.0
2015-05-13 00:00:00,42583.0,0.2128,0.6983,0.0,21.03
2015-05-13 04:00:00,55092.0,0.2268,0.7911,0.0165,16.52
2015-05-13 08:00:00,65806.0,0.338,0.6234,0.5697,36.55
2015-05-13 12:00:00,64400.00000000001,0.3031,0.5131,0.6272,22.06
2015-05-13 16:00:00,59429.0,0.1857,0.4852,0.2149,23.76
2015-05-13 20:00:00,51598.0,0.1432,0.4651,0.0,37.21
2015-05-14 00:00:00,39238.0,0.1151,0.3472,0.0,25.9
2015-05-14 04:00:00,37284.0,0.0929,0.2228,0.0075,17.87
2015-05-14 08:00:00,47833.0,0.099,0.1412,0.3783,18.56
2015-05-14 12:00:00,44907.0,0.053,0.0814,0.4923,18.33
2015-05-14 16:00:00,45145.0,0.0208,0.0686,0.1819,17.64
2015-05-14 20:00:00,45140.0,0.0511,0.0432,0.0,25.66
2015-05-15 00:00:00,35945.0,0.0599,0.0697,0.0,24.99
2015-05-15 04:00:00,45606.0,0.0369,0.0989,0.0121,20.63
2015-05-15 08:00:00,58143.0,0.022,0.0217,0.3625,36.98
2015-05-15 12:00:00,55350.0,0.0465,0.066,0.6465,33.62
2015-05-15 16:00:00,52873.0,0.0651,0.049,0.2584,24.85
2015-05-15 20:00:00,47949.0,0.0758,0.0774,0.0,36.69
2015-05-16 00:00:00,37144.0,0.0454,0.1407,0.0,26.03
2015-05-16 04:00:00,39807.0,0.0548,0.2651,0.0171,21.03
2015-05-16 08:00:00,52565.0,0.1416,0.485,0.4299,21.55
2015-05-16 12:00:00,50891.0,0.2749,0.5581,0.38,17.92
2015-05-16 16:00:00,50131.0,0.3215,0.5251,0.1086,14.3
2015-05-16 20:00:00,45174.0,0.2934,0.5105,0.0,26.0
2015-05-17 00:00:00,35139.0,0.2293,0.5614,0.0,12.35
2015-05-17 04:00:00,35199.0,0.1732,0.5668,0.0131,6.18
2015-05-17 08:00:00,46792.0,0.3035,0.5722,0.4619,11.97
2015-05-17 12:00:00,44977.0,0.3688,0.7066,0.4661,10.1
2015-05-17 16:00:00,46945.0,0.2901,0.6507,0.2217,3.17
2015-05-17 20:00:00,46305.0,0.1054,0.4228,0.0,25.95
2015-05-18 00:00:00,37926.0,0.0857,0.2513,0.0,22.24
2015-05-18 04:00:00,52388.0,0.0658,0.1781,0.0153,17.8
2015-05-18 08:00:00,64840.99999999999,0.0881,0.4978,0.4992,43.99
2015-05-18 12:00:00,63527.0,0.1816,0.4348,0.6257,31.91
2015-05-18 16:00:00,60142.0,0.1534,0.4644,0.2157,27.29
2015-05-18 20:00:00,53598.0,0.2633,0.6935,0.0,32.75
2015-05-19 00:00:00,42194.0,0.188,0.5137,0.0,20.81
2015-05-19 04:00:00,55306.0,0.1367,0.3455,0.01,19.16
2015-05-19 08:00:00,66620.0,0.3208,0.5653,0.371,39.21
2015-05-19 12:00:00,65834.0,0.3952,0.5911,0.4796,27.4
2015-05-19 16:00:00,61895.0,0.2529,0.5273,0.1883,25.04
2015-05-19 20:00:00,53783.0,0.1025,0.2525,0.0,37.7
2015-05-20 00:00:00,42163.0,0.1062,0.1766,0.0,28.41
2015-05-20 04:00:00,54495.0,0.063,0.1695,0.0128,21.26
2015-05-20 08:00:00,66036.0,0.0596,0.1877,0.2924,56.11
2015-05-20 12:00:00,63468.0,0.0576,0.2261,0.3563,42.77
2015-05-20 16:00:00,60135.0,0.0653,0.221,0.1622,29.78
2015-05-20 20:00:00,53317.0,0.1094,0.2914,0.0,36.53
2015-05-21 00:00:00,42232.0,0.1283,0.2339,0.0,27.2
2015-05-21 04:00:00,53941.0,0.0545,0.1641,0.0184,24.7
2015-05-21 08:00:00,65325.99999999999,0.0605,0.1066,0.4443,49.97
2015-05-21 12:00:00,63560.0,0.0852,0.1238,0.4258,36.09
2015-05-21 16:00:00,60180.0,0.0679,0.0927,0.2248,29.62
2015-05-21 20:00:00,53815.0,0.0448,0.107,0.0,39.64
2015-05-22 00:00:00,42679.0,0.0397,0.152,0.0,29.95
2015-05-22 04:00:00,54496.0,0.0288,0.1045,0.0267,23.79
2015-05-22 08:00:00,64559.0,0.0215,0.1307,0.5932,40.52
2015-05-22 12:00:00,61572.0,0.0346,0.1727,0.5885,28.53
2015-05-22 16:00:00,57998.0,0.0376,0.2284,0.2155,28.42
2015-05-22 20:00:00,51206.0,0.035,0.2187,0.0,35.92
2015-05-23 00:00:00,39601.0,0.0574,0.11,0.0,30.11
2015-05-23 04:00:00,41540.0,0.0431,0.2148,0.0069,20.53
2015-05-23 08:00:00,53449.0,0.0483,0.1454,0.3419,24.92
2015-05-23 12:00:00,49509.0,0.0758,0.1143,0.3797,24.3
2015-05-23 16:00:00,48819.0,0.1011,0.1219,0.1541,19.42
2015-05-23 20:00:00,44306.0,0.1301,0.0467,0.0,29.35
2015-05-24 00:00:00,34159.0,0.066,0.0128,0.0,25.24
2015-05-24 04:00:00,33545.0,0.0133,0.0207,0.0149,17.55
2015-05-24 08:00:00,44233.0,0.0019,0.072,0.4236,17.48
2015-05-24 12:00:00,41908.0,0.0032,0.1347,0.5141,19.42
2015-05-24 16:00:00,42400.0,0.006,0.1138,0.224,14.97
2015-05-24 20:00:00,41583.0,0.0129,0.1193,0.0,24.5
2015-05-25 00:00:00,32625.0,0.0476,0.1132,0.0,21.1
2015-05-25 04:00:00,33739.0,0.0569,0.0864,0.0116,15.91
2015-05-25 08:00:00,44816.0,0.0275,0.0329,0.3293,22.94
2015-05-25 12:00:00,44362.0,0.0557,0.0357,0.3281,25.0
2015-05-25 16:00:00,45797.0,0.0801,0.0908,0.1566,20.44
2015-05-25 20:00:00,44507.0,0.1206,0.1225,0.0,32.89
2015-05-26 00:00:00,36154.0,0.1187,0.2076,0.0,29.43
2015-05-26 04:00:00,50729.0,0.0611,0.2096,0.0141,22.47
2015-05-26 08:00:00,64643.0,0.0981,0.2205,0.3802,50.73
2015-05-26 12:00:00,63353.0,0.165,0.3031,0.284,38.18
2015-05-26 16:00:00,59774.0,0.204,0.3826,0.1534,28.47
2015-05-26 20:00:00,52258.0,0.1761,0.3775,0.0,34.41
2015-05-27 00:00:00,41130.0,0.1728,0.4473,0.0,25.25
2015-05-27 04:00:00,53534.0,0.1128,0.318,0.011,20.66
2015-05-27 08:00:00,65889.0,0.1691,0.1408,0.2866,34.94
2015-05-27 12:00:00,63846.0,0.1697,0.0821,0.3156,35.9
2015-05-27 16:00:00,59987.0,0.0925,0.0529,0.1823,31.97
2015-05-27 20:00:00,52911.0,0.0736,0.0935,0.0,38.17
2015-05-28 00:00:00,41653.0,0.1851,0.2459,0.0,27.04
2015-05-28 04:00:00,53923.0,0.1966,0.6112,0.0132,23.95
2015-05-28 08:00:00,65241.0,0.3909,0.6637,0.4343,37.88
2015-05-28 12:00:00,64330.0,0.4194,0.6606,0.5392,27.95
2015-05-28 16:00:00,61706.0,0.2415,0.4921,0.1798,26.29
2015-05-28 20:00:00,53013.0,0.1224,0.3428,0.0,37.82
2015-05-29 00:00:00,41784.0,0.0727,0.4638,0.0,27.81
2015-05-29 04:00:00,53673.0,0.0611,0.3543,0.0252,26.01
2015-05-29 08:00:00,65542.0,0.0729,0.2204,0.4618,40.56
2015-05-29 12:00:00,62212.0,0.1467,0.2815,0.4453,31.08
2015-05-29 16:00:00,58719.0,0.1761,0.2601,0.1881,28.44
2015-05-29 20:00:00,52073.0,0.264,0.4813,0.0,34.97
2015-05-30 00:00:00,41166.0,0.2887,0.6746,0.0,22.21
2015-05-30 04:00:00,42823.0,0.2443,0.4842,0.0147,17.29
2015-05-30 08:00:00,55327.0,0.3995,0.3432,0.3654,24.04
2015-05-30 12:00:00,51271.0,0.4318,0.4238,0.4548,15.34
2015-05-30 16:00:00,49755.0,0.3103,0.4912,0.2206,14.51
2015-05-30 20:00:00,45209.0,0.1516,0.5492,0.0,34.22
2015-05-31 00:00:00,35931.0,0.1571,0.4556,0.0,22.09
2015-05-31 04:00:00,34782.0,0.1122,0.3997,0.0209,15.11
2015-05-31 08:00:00,46758.0,0.2195,0.3274,0.4854,13.89
2015-05-31 12:00:00,45808.0,0.332,0.4987,0.4982,14.3
2015-05-31 16:00:00,47252.0,0.3675,0.6764,0.1776,10.69
2015-05-31 20:00:00,46515.0,0.3908,0.5966,0.0,17.4
2015-06-01 00:00:00,37710.0,0.3257,0.631,0.0,13.42
2015-06-01 04:00:00,50175.0,0.1619,0.5837,0.0104,14.0
2015-06-01 08:00:00,63530.0,0.1034,0.4153,0.34,37.98
2015-06-01 12:00:00,63846.0,0.0589,0.331,0.3999,38.79
2015-06-01 16:00:00,59274.0,0.0251,0.1367,0.1922,35.73
2015-06-01 20:00:00,52593.0,0.0693,0.153,0.0,41.65
2015-06-02 00:00:00,41375.0,0.2196,0.6182,0.0,24.24
2015-06-02 04:00:00,51654.0,0.2781,0.8991,0.0178,16.0
2015-06-02 08:00:00,66487.0,0.6431,0.9259,0.4028,31.72
2015-06-02 12:00:00,65495.00000000001,0.7288,0.949,0.4776,18.72
2015-06-02 16:00:00,61635.0,0.679,0.9693,0.2157,17.4
2015-06-02 20:00:00,54557.0,0.5818,0.949,0.0,27.1
2015-06-03 00:00:00,42119.0,0.511,0.8117,0.0,14.92
2015-06-03 04:00:00,52075.0,0.3061,0.7808,0.0289,8.25
2015-06-03 08:00:00,65521.0,0.4859,0.7874,0.4401,39.36
2015-06-03 12:00:00,64852.00000000001,0.5434,0.6884,0.5416,26.44
2015-06-03 16:00:00,59424.0,0.3374,0.4201,0.2702,25.99
2015-06-03 20:00:00,51673.0,0.138,0.2114,0.0,43.48
2015-06-04 00:00:00,39761.0,0.0705,0.1423,0.0,37.45
2015-06-04 04:00:00,40526.0,0.0205,0.0476,0.0406,28.64
2015-06-04 08:00:00,52664.0,0.0039,0.0251,0.6184,31.63
2015-06-04 12:00:00,50962.0,0.0017,0.0198,0.7581,21.12
2015-06-04 16:00:00,49572.0,0.0084,0.032,0.315,20.01
2015-06-04 20:00:00,47841.0,0.1957,0.1097,0.0,37.79
2015-06-05 00:00:00,38300.0,0.224,0.2534,0.0,25.37
2015-06-05 04:00:00,46562.0,0.1266,0.2933,0.0452,22.01
2015-06-05 08:00:00,60670.0,0.106,0.3586,0.6135,37.91
2015-06-05 12:00:00,59012.0,0.0631,0.2418,0.7623,24.23
2015-06-05 16:00:00,55729.0,0.0558,0.4419,0.3083,25.96
2015-06-05 20:00:00,50217.0,0.3075,0.3611,0.0,42.5
2015-06-06 00:00:00,39031.0,0.2815,0.3151,0.0,24.24
2015-06-06 04:00:00,40265.0,0.133,0.3271,0.0243,20.02
2015-06-06 08:00:00,55118.0,0.16,0.3143,0.4518,24.77
2015-06-06 12:00:00,51005.0,0.211,0.5616,0.6402,19.76
2015-06-06 16:00:00,50224.0,0.1832,0.4871,0.2644,18.57
2015-06-06 20:00:00,45266.0,0.1634,0.4157,0.0,32.05
2015-06-07 00:00:00,36279.0,0.0975,0.3793,0.0,18.59
2015-06-07 04:00:00,35462.0,0.0618,0.433,0.0246,15.26
2015-06-07 08:00:00,46616.0,0.0591,0.4083,0.495,13.0
2015-06-07 12:00:00,44596.0,0.0666,0.312,0.6612,14.0
2015-06-07 16:00:00,46342.0,0.0829,0.2627,0.2834,13.58
2015-06-07 20:00:00,46136.0,0.1984,0.2328,0.0,29.98
2015-06-08 00:00:00,37925.0,0.1249,0.2181,0.0,24.29
2015-06-08 04:00:00,52181.0,0.0901,0.1312,0.0279,16.22
2015-06-08 08:00:00,64839.0,0.1059,0.1805,0.3657,44.91
2015-06-08 12:00:00,63958.0,0.1205,0.1991,0.4209,32.61
2015-06-08 16:00:00,61241.0,0.1745,0.2838,0.1636,29.98
2015-06-08 20:00:00,53403.0,0.1991,0.2819,0.0,34.97
2015-06-09 00:00:00,42731.0,0.1446,0.2111,0.0,25.01
2015-06-09 04:00:00,55187.0,0.0801,0.1502,0.0179,17.34
2015-06-09 08:00:00,66048.0,0.0869,0.1128,0.3016,40.49
2015-06-09 12:00:00,64742.00000000001,0.0738,0.0849,0.3046,44.94
2015-06-09 16:00:00,61736.0,0.075,0.0926,0.1744,34.96
2015-06-09 20:00:00,53692.0,0.1325,0.1469,0.0,38.16
2015-06-10 00:00:00,42516.0,0.097,0.1225,0.0,27.99
2015-06-10 04:00:00,55133.0,0.045,0.0553,0.021,23.75
2015-06-10 08:00:00,65907.0,0.0607,0.0808,0.4622,41.96
2015-06-10 12:00:00,64763.00000000001,0.0354,0.0678,0.469,31.16
2015-06-10 16:00:00,61307.0,0.0454,0.1351,0.2333,32.94
2015-06-10 20:00:00,54325.0,0.1464,0.1261,0.0,37.08
2015-06-11 00:00:00,42797.0,0.103,0.0674,0.0,28.31
2015-06-11 04:00:00,54648.0,0.036,0.0408,0.0257,24.06
2015-06-11 08:00:00,65755.0,0.025,0.0247,0.4976,45.97
2015-06-11 12:00:00,64495.00000000001,0.0131,0.0317,0.5835,35.21
2015-06-11 16:00:00,61010.0,0.0162,0.0456,0.2645,35.94
2015-06-11 20:00:00,53738.0,0.1103,0.0782,0.0,41.79
2015-06-12 00:00:00,42415.0,0.1032,0.1037,0.0,30.03
2015-06-12 04:00:00,54034.0,0.0465,0.0837,0.0295,24.89
2015-06-12 08:00:00,66522.0,0.0144,0.0383,0.573,44.92
2015-06-12 12:00:00,63938.0,0.0052,0.0449,0.7122,35.15
2015-06-12 16:00:00,59850.0,0.0062,0.1052,0.2578,32.18
2015-06-12 20:00:00,51656.0,0.0789,0.2163,0.0,40.08
2015-06-13 00:00:00,40940.0,0.0999,0.1435,0.0,27.3
2015-06-13 04:00:00,42671.0,0.047,0.0714,0.0239,23.08
2015-06-13 08:00:00,55390.0,0.0537,0.0469,0.3911,27.97
2015-06-13 12:00:00,51411.0,0.1315,0.1606,0.4302,28.24
2015-06-13 16:00:00,49653.0,0.1784,0.3621,0.198,21.82
2015-06-13 20:00:00,45284.0,0.1628,0.1761,0.0,29.73
2015-06-14 00:00:00,35687.0,0.1607,0.2847,0.0,19.08
2015-06-14 04:00:00,35165.0,0.0923,0.2325,0.0243,13.38
2015-06-14 08:00:00,46724.0,0.1012,0.0875,0.4335,15.66
2015-06-14 12:00:00,45260.0,0.0576,0.0713,0.5172,15.09
2015-06-14 16:00:00,46218.0,0.0673,0.1474,0.2309,14.59
2015-06-14 20:00:00,46048.0,0.1543,0.2309,0.0,29.93
2015-06-15 00:00:00,37742.0,0.1317,0.2644,0.0,22.87
2015-06-15 04:00:00,51678.0,0.1004,0.2112,0.0158,16.0
2015-06-15 08:00:00,64272.00000000001,0.0667,0.1599,0.3623,40.34
2015-06-15 12:00:00,63301.0,0.0827,0.1359,0.4803,39.9
2015-06-15 16:00:00,59543.0,0.1229,0.1843,0.2306,31.01
2015-06-15 20:00:00,52353.0,0.1445,0.1446,0.0,37.05
2015-06-16 00:00:00,41572.0,0.0811,0.1272,0.0,27.64
2015-06-16 04:00:00,53416.0,0.0319,0.1745,0.0244,25.03
2015-06-16 08:00:00,64976.0,0.0543,0.1258,0.4012,50.97
2015-06-16 12:00:00,63637.0,0.0936,0.1395,0.3897,42.73
2015-06-16 16:00:00,60203.0,0.1164,0.0727,0.2113,36.41
2015-06-16 20:00:00,52399.0,0.0976,0.0169,0.0,40.6
2015-06-17 00:00:00,41749.0,0.0673,0.0673,0.0,26.2
2015-06-17 04:00:00,53422.0,0.028,0.2786,0.0372,24.09
2015-06-17 08:00:00,64897.99999999999,0.0513,0.5521,0.5577,43.21
2015-06-17 12:00:00,64251.99999999999,0.0901,0.6047,0.6859,29.21
2015-06-17 16:00:00,60738.0,0.1238,0.4895,0.2139,27.72
2015-06-17 20:00:00,53106.0,0.1512,0.3358,0.0,39.73
2015-06-18 00:00:00,42164.0,0.1667,0.2502,0.0,28.88
2015-06-18 04:00:00,54236.0,0.1286,0.3357,0.0087,22.95
2015-06-18 08:00:00,66217.0,0.2001,0.2981,0.2383,40.64
2015-06-18 12:00:00,64587.99999999999,0.3034,0.4907,0.2931,35.68
2015-06-18 16:00:00,61207.0,0.3097,0.5653,0.1393,31.92
2015-06-18 20:00:00,53121.0,0.1901,0.5858,0.0,35.09
2015-06-19 00:00:00,42229.0,0.1975,0.5766,0.0,27.91
2015-06-19 04:00:00,54312.0,0.1491,0.4552,0.007,23.72
2015-06-19 08:00:00,66026.0,0.2652,0.3461,0.2788,41.8
2015-06-19 12:00:00,63756.0,0.3001,0.4233,0.3104,33.29
2015-06-19 16:00:00,59793.0,0.2409,0.3863,0.1441,29.88
2015-06-19 20:00:00,51432.0,0.1403,0.3559,0.0,36.81
2015-06-20 00:00:00,39172.0,0.1292,0.309,0.0,33.22
2015-06-20 04:00:00,40924.0,0.0954,0.2562,0.0068,24.72
2015-06-20 08:00:00,53530.0,0.1211,0.1453,0.2765,30.86
2015-06-20 12:00:00,49397.0,0.1463,0.117,0.3401,28.71
2015-06-20 16:00:00,49462.0,0.1104,0.0827,0.1868,22.02
2015-06-20 20:00:00,44693.0,0.0893,0.0507,0.0,33.67
2015-06-21 00:00:00,35343.0,0.0707,0.0377,0.0,25.97
2015-06-21 04:00:00,35404.0,0.0362,0.0493,0.0106,18.96
2015-06-21 08:00:00,46856.0,0.0455,0.1092,0.3095,20.48
2015-06-21 12:00:00,45577.0,0.05,0.1548,0.3071,23.71
2015-06-21 16:00:00,47062.0,0.0641,0.1629,0.1917,15.33
2015-06-21 20:00:00,46469.0,0.1197,0.3072,0.0,37.88
2015-06-22 00:00:00,38354.0,0.1508,0.2723,0.0,24.87
2015-06-22 04:00:00,52298.0,0.0882,0.1905,0.0123,18.88
2015-06-22 08:00:00,64461.0,0.1268,0.0848,0.2658,43.47
2015-06-22 12:00:00,63552.0,0.2052,0.0522,0.2584,38.24
2015-06-22 16:00:00,61070.0,0.1089,0.0109,0.0847,33.04
2015-06-22 20:00:00,51920.0,0.0996,0.0212,0.0,38.99
2015-06-23 00:00:00,41287.0,0.1103,0.0874,0.0,27.07
2015-06-23 04:00:00,53289.0,0.1033,0.1033,0.014,24.87
2015-06-23 08:00:00,66534.0,0.2167,0.1544,0.3044,42.28
2015-06-23 12:00:00,64631.0,0.2211,0.2475,0.4054,32.84
2015-06-23 16:00:00,61432.0,0.1854,0.4232,0.191,27.51
2015-06-23 20:00:00,53570.0,0.2174,0.5047,0.0,35.0
2015-06-24 00:00:00,43401.0,0.2336,0.4588,0.0,24.85
2015-06-24 04:00:00,55315.0,0.1894,0.4927,0.0073,22.08
2015-06-24 08:00:00,67490.0,0.2452,0.3949,0.2473,34.93
2015-06-24 12:00:00,63925.0,0.2092,0.3275,0.3917,29.46
2015-06-24 16:00:00,60311.0,0.126,0.1817,0.2523,29.5
2015-06-24 20:00:00,53394.0,0.1118,0.1315,0.0,38.04
2015-06-25 00:00:00,42722.0,0.1499,0.1051,0.0,31.15
2015-06-25 04:00:00,54371.0,0.0578,0.0409,0.0222,26.86
2015-06-25 08:00:00,65131.0,0.0369,0.0366,0.4909,48.96
2015-06-25 12:00:00,64407.0,0.0381,0.0263,0.5693,34.96
2015-06-25 16:00:00,60151.0,0.0261,0.0174,0.2512,35.59
2015-06-25 20:00:00,52843.0,0.0095,0.0068,0.0,43.03
2015-06-26 00:00:00,41850.0,0.0334,0.0108,0.0,31.91
2015-06-26 04:00:00,53581.0,0.036,0.0094,0.0173,28.91
2015-06-26 08:00:00,65291.0,0.0247,0.0125,0.4694,45.05
2015-06-26 12:00:00,62517.0,0.0464,0.0229,0.5065,35.98
2015-06-26 16:00:00,58879.0,0.0218,0.0145,0.1697,36.6
2015-06-26 20:00:00,51397.0,0.0157,0.0807,0.0,37.28
2015-06-27 00:00:00,40567.0,0.1018,0.1478,0.0,30.28
2015-06-27 04:00:00,42131.0,0.1017,0.0803,0.0077,25.1
2015-06-27 08:00:00,55397.0,0.1155,0.1097,0.2333,33.21
2015-06-27 12:00:00,51303.0,0.2211,0.2916,0.3733,32.34
2015-06-27 16:00:00,49922.0,0.2363,0.3297,0.2093,25.06
2015-06-27 20:00:00,44354.0,0.1919,0.2171,0.0,32.76
2015-06-28 00:00:00,35555.0,0.1567,0.1489,0.0,21.26
2015-06-28 04:00:00,34968.0,0.077,0.0586,0.03,16.3
2015-06-28 08:00:00,46316.0,0.041,0.0807,0.5441,15.3
2015-06-28 12:00:00,44573.0,0.0245,0.1829,0.6611,15.23
2015-06-28 16:00:00,46219.0,0.0128,0.1389,0.2245,15.55
2015-06-28 20:00:00,46281.0,0.0191,0.1147,0.0,36.92
2015-06-29 00:00:00,38346.0,0.0553,0.1319,0.0,33.51
2015-06-29 04:00:00,52255.0,0.0538,0.0714,0.0133,25.34
2015-06-29 08:00:00,64059.0,0.0141,0.0533,0.5007,47.62
2015-06-29 12:00:00,64319.99999999999,0.0529,0.0537,0.6328,34.55
2015-06-29 16:00:00,60114.0,0.0686,0.0479,0.2802,34.5
2015-06-29 20:00:00,51748.0,0.0959,0.0283,0.0,43.94
2015-06-30 00:00:00,41338.0,0.055,0.0393,0.0,29.44
2015-06-30 04:00:00,52863.0,0.0188,0.0164,0.031,27.58
2015-06-30 08:00:00,65346.0,0.0097,0.0098,0.5922,42.61
2015-06-30 12:00:00,63975.0,0.0195,0.0132,0.7366,32.91
2015-06-30 16:00:00,59979.0,0.0224,0.0283,0.3285,33.92
2015-06-30 20:00:00,52433.0,0.1558,0.0918,0.0,44.54
2015-07-01 00:00:00,42090.0,0.1413,0.1479,0.0,30.62
2015-07-01 04:00:00,52767.0,0.0671,0.1802,0.0413,28.36
2015-07-01 08:00:00,67582.0,0.0526,0.2577,0.5961,41.54
2015-07-01 12:00:00,66729.0,0.0954,0.457,0.7584,30.04
2015-07-01 16:00:00,62546.0,0.1084,0.5487,0.3235,30.04
2015-07-01 20:00:00,55087.0,0.3354,0.6537,0.0,42.42
2015-07-02 00:00:00,44568.0,0.2781,0.6257,0.0,28.74
2015-07-02 04:00:00,55691.0,0.1512,0.6078,0.0371,27.49
2015-07-02 08:00:00,68823.0,0.1908,0.6224,0.5851,43.12
2015-07-02 12:00:00,67664.0,0.1663,0.6507,0.7482,28.15
2015-07-02 16:00:00,62681.0,0.1463,0.4415,0.3152,33.1
2015-07-02 20:00:00,55970.0,0.3177,0.3361,0.0,44.2
2015-07-03 00:00:00,44696.0,0.1917,0.1343,0.0,29.72
2015-07-03 04:00:00,56071.0,0.0597,0.0807,0.0289,31.84
2015-07-03 08:00:00,67989.0,0.0197,0.0185,0.4999,56.62
2015-07-03 12:00:00,65548.0,0.008,0.0123,0.6883,39.03
2015-07-03 16:00:00,61187.0,0.0144,0.0238,0.2827,47.43
2015-07-03 20:00:00,54018.0,0.1296,0.0362,0.0,55.99
2015-07-04 00:00:00,42877.0,0.107,0.0912,0.0,37.04
2015-07-04 04:00:00,43862.0,0.0704,0.1573,0.0265,29.74
2015-07-04 08:00:00,56306.0,0.0459,0.2997,0.551,35.03
2015-07-04 12:00:00,53006.0,0.0419,0.2792,0.7045,28.15
2015-07-04 16:00:00,51757.0,0.0676,0.1563,0.2565,30.91
2015-07-04 20:00:00,47346.0,0.1278,0.1846,0.0,40.05
2015-07-05 00:00:00,38141.0,0.0814,0.0717,0.0,30.44
2015-07-05 04:00:00,38055.0,0.0282,0.0276,0.023,28.97
2015-07-05 08:00:00,48843.0,0.0065,0.0278,0.4911,26.08
2015-07-05 12:00:00,47770.0,0.0135,0.0743,0.5748,24.36
2015-07-05 16:00:00,49015.0,0.0674,0.0734,0.2192,24.74
2015-07-05 20:00:00,48618.0,0.2328,0.3723,0.0,34.95
2015-07-06 00:00:00,41000.0,0.2413,0.589,0.0,28.78
2015-07-06 04:00:00,54541.0,0.2393,0.7627,0.0175,15.51
2015-07-06 08:00:00,67613.0,0.265,0.6296,0.4985,44.2
2015-07-06 12:00:00,66375.0,0.2403,0.5091,0.6691,28.72
2015-07-06 16:00:00,61728.0,0.1105,0.3341,0.3095,29.08
2015-07-06 20:00:00,54374.0,0.0202,0.1451,0.0,65.05
2015-07-07 00:00:00,43379.0,0.0298,0.0941,0.0,51.68
2015-07-07 04:00:00,54982.0,0.064,0.1641,0.0312,35.32
2015-07-07 08:00:00,67724.0,0.0416,0.1773,0.5715,65.0
2015-07-07 12:00:00,67321.0,0.0877,0.1603,0.6356,46.35
2015-07-07 16:00:00,63066.0,0.0775,0.1583,0.1961,51.51
2015-07-07 20:00:00,56094.0,0.1594,0.3835,0.0,49.46
2015-07-08 00:00:00,44587.0,0.2224,0.4162,0.0,28.48
2015-07-08 04:00:00,55843.0,0.2347,0.5595,0.0084,25.29
2015-07-08 08:00:00,67627.0,0.5119,0.7992,0.3543,41.2
2015-07-08 12:00:00,66754.0,0.6632,0.8642,0.4087,24.67
2015-07-08 16:00:00,61963.0,0.6043,0.8095,0.2105,15.9
2015-07-08 20:00:00,54082.0,0.3188,0.7547,0.0,39.27
2015-07-09 00:00:00,44179.0,0.3073,0.7909,0.0,26.47
2015-07-09 04:00:00,54608.0,0.2788,0.848,0.0119,22.1
2015-07-09 08:00:00,66608.0,0.5461,0.8537,0.352,40.46
2015-07-09 12:00:00,65117.99999999999,0.6225,0.8483,0.4345,26.02
2015-07-09 16:00:00,61331.0,0.6075,0.7985,0.2514,22.01
2015-07-09 20:00:00,53015.0,0.3666,0.7069,0.0,32.73
2015-07-10 00:00:00,42963.0,0.3127,0.6663,0.0,28.03
2015-07-10 04:00:00,53925.0,0.2761,0.599,0.0217,22.11
2015-07-10 08:00:00,66046.0,0.3625,0.2989,0.4972,33.4
2015-07-10 12:00:00,61987.0,0.3081,0.1703,0.656,26.34
2015-07-10 16:00:00,57952.0,0.2077,0.0876,0.3148,28.48
2015-07-10 20:00:00,50319.0,0.0597,0.0432,0.0,46.31
2015-07-11 00:00:00,40419.0,0.0645,0.0539,0.0,42.84
2015-07-11 04:00:00,41750.0,0.0396,0.0482,0.0264,28.74
2015-07-11 08:00:00,54327.0,0.0166,0.0993,0.4923,32.49
2015-07-11 12:00:00,50838.0,0.0241,0.1102,0.6461,29.91
2015-07-11 16:00:00,49421.0,0.0364,0.0591,0.2835,27.49
2015-07-11 20:00:00,45416.0,0.0872,0.0721,0.0,40.05
2015-07-12 00:00:00,36963.0,0.0783,0.0682,0.0,35.0
2015-07-12 04:00:00,36020.0,0.0567,0.0898,0.0123,27.44
2015-07-12 08:00:00,46994.0,0.0813,0.042,0.4158,23.9
2015-07-12 12:00:00,47258.0,0.1503,0.2073,0.3949,24.08
2015-07-12 16:00:00,47904.0,0.1467,0.2245,0.1156,23.91
2015-07-12 20:00:00,46874.0,0.1121,0.1555,0.0,36.58
2015-07-13 00:00:00,39081.0,0.1392,0.0756,0.0,32.24
2015-07-13 04:00:00,52609.0,0.0822,0.0315,0.0033,24.98
2015-07-13 08:00:00,65588.0,0.1309,0.0197,0.2341,45.84
2015-07-13 12:00:00,65089.0,0.2102,0.0468,0.23,52.87
2015-07-13 16:00:00,61641.0,0.1223,0.023,0.104,45.98
2015-07-13 20:00:00,52772.0,0.0809,0.0132,0.0,44.62
2015-07-14 00:00:00,42606.0,0.0976,0.0153,0.0,32.43
2015-07-14 04:00:00,54351.0,0.0837,0.0073,0.0046,26.93
2015-07-14 08:00:00,67029.0,0.1437,0.027,0.2277,60.15
2015-07-14 12:00:00,66284.0,0.2232,0.022,0.3489,49.99
2015-07-14 16:00:00,62336.0,0.176,0.0613,0.1961,38.51
2015-07-14 20:00:00,53801.0,0.1009,0.0754,0.0,47.32
2015-07-15 00:00:00,43075.0,0.1047,0.1032,0.0,43.06
2015-07-15 04:00:00,54623.0,0.0498,0.0676,0.0086,30.01
2015-07-15 08:00:00,66690.0,0.0487,0.0442,0.4501,54.01
2015-07-15 12:00:00,65720.0,0.0578,0.0476,0.5619,52.32
2015-07-15 16:00:00,61821.0,0.0287,0.0955,0.2496,45.54
2015-07-15 20:00:00,54210.0,0.0168,0.0986,0.0,54.97
2015-07-16 00:00:00,43155.0,0.049,0.0969,0.0,40.01
2015-07-16 04:00:00,54540.0,0.0299,0.0929,0.0097,31.29
2015-07-16 08:00:00,67170.0,0.0108,0.0553,0.463,54.38
2015-07-16 12:00:00,65965.0,0.0181,0.0539,0.6,45.98
2015-07-16 16:00:00,61486.0,0.0145,0.0689,0.2934,42.05
2015-07-16 20:00:00,54542.0,0.0921,0.1046,0.0,53.45
2015-07-17 00:00:00,43589.0,0.1116,0.171,0.0,37.22
2015-07-17 04:00:00,55401.0,0.0881,0.3703,0.0122,29.94
2015-07-17 08:00:00,67799.0,0.1281,0.5202,0.4144,46.04
2015-07-17 12:00:00,64257.00000000001,0.252,0.4005,0.6152,32.94
2015-07-17 16:00:00,60968.0,0.1986,0.5736,0.2714,30.55
2015-07-17 20:00:00,52422.0,0.1198,0.3832,0.0,44.71
2015-07-18 00:00:00,41161.0,0.1,0.2857,0.0,41.85
2015-07-18 04:00:00,42648.0,0.0714,0.2843,0.0101,32.08
2015-07-18 08:00:00,55220.0,0.1507,0.4382,0.4265,36.93
2015-07-18 12:00:00,50841.0,0.2342,0.6092,0.4789,35.05
2015-07-18 16:00:00,49604.0,0.1522,0.5479,0.2524,34.33
2015-07-18 20:00:00,44447.0,0.081,0.2201,0.0,45.92
2015-07-19 00:00:00,36449.0,0.0499,0.1482,0.0,40.52
2015-07-19 04:00:00,36213.0,0.0483,0.1348,0.0066,27.1
2015-07-19 08:00:00,46669.0,0.1487,0.1203,0.2474,29.5
2015-07-19 12:00:00,46171.0,0.2765,0.0477,0.3185,30.79
2015-07-19 16:00:00,46872.0,0.2826,0.2592,0.1556,21.42
2015-07-19 20:00:00,46315.0,0.1471,0.5367,0.0,32.83
2015-07-20 00:00:00,38825.0,0.2012,0.4944,0.0,25.41
2015-07-20 04:00:00,51920.0,0.1186,0.3515,0.0143,22.63
2015-07-20 08:00:00,65705.0,0.1568,0.1208,0.4462,47.99
2015-07-20 12:00:00,64644.99999999999,0.1232,0.0494,0.4649,48.82
2015-07-20 16:00:00,61284.0,0.0474,0.0153,0.2458,49.54
2015-07-20 20:00:00,53401.0,0.0304,0.1201,0.0,50.03
2015-07-21 00:00:00,43111.0,0.1618,0.5818,0.0,40.17
2015-07-21 04:00:00,54444.0,0.1808,0.5634,0.0078,28.78
2015-07-21 08:00:00,67652.0,0.2781,0.4055,0.4266,55.77
2015-07-21 12:00:00,66594.0,0.3554,0.442,0.5952,45.82
2015-07-21 16:00:00,62597.0,0.212,0.2564,0.2971,43.97
2015-07-21 20:00:00,54786.0,0.0338,0.1229,0.0,60.83
2015-07-22 00:00:00,43774.0,0.0145,0.1714,0.0,37.83
2015-07-22 04:00:00,54971.0,0.0391,0.1473,0.0107,32.22
2015-07-22 08:00:00,67991.0,0.0496,0.1027,0.4668,56.92
2015-07-22 12:00:00,66955.0,0.111,0.1277,0.5766,49.96
2015-07-22 16:00:00,62058.0,0.1097,0.1423,0.1969,51.27
2015-07-22 20:00:00,53854.0,0.1022,0.0846,0.0,50.56
2015-07-23 00:00:00,43259.0,0.0757,0.081,0.0,36.06
2015-07-23 04:00:00,54406.0,0.0554,0.1017,0.0065,32.3
2015-07-23 08:00:00,65842.0,0.0719,0.0879,0.3939,50.66
2015-07-23 12:00:00,64720.0,0.1117,0.1749,0.4129,54.91
2015-07-23 16:00:00,60777.0,0.074,0.1664,0.2285,51.94
2015-07-23 20:00:00,53381.0,0.0567,0.0886,0.0,55.93
2015-07-24 00:00:00,42589.0,0.0407,0.0646,0.0,41.97
2015-07-24 04:00:00,53320.0,0.0248,0.0272,0.0084,33.05
2015-07-24 08:00:00,65339.0,0.014,0.0015,0.4925,55.17
2015-07-24 12:00:00,63113.0,0.0102,0.0198,0.5822,51.92
2015-07-24 16:00:00,59500.0,0.065,0.1279,0.2315,48.0
2015-07-24 20:00:00,52041.0,0.2809,0.4836,0.0,45.93
2015-07-25 00:00:00,41840.0,0.2475,0.7108,0.0,22.41
2015-07-25 04:00:00,43190.0,0.2159,0.5272,0.005,16.15
2015-07-25 08:00:00,55812.0,0.3495,0.1409,0.3587,25.3
2015-07-25 12:00:00,53361.0,0.6074,0.0655,0.4326,16.19
2015-07-25 16:00:00,51804.0,0.7155,0.5247,0.1783,10.57
2015-07-25 20:00:00,45684.0,0.6951,0.9295,0.0,15.97
2015-07-26 00:00:00,36397.0,0.6672,0.8234,0.0,-0.09
2015-07-26 04:00:00,36327.0,0.4602,0.7202,0.0059,0.03
2015-07-26 08:00:00,46813.0,0.3125,0.4306,0.4865,2.12
2015-07-26 12:00:00,45243.0,0.1815,0.2086,0.5978,2.07
2015-07-26 16:00:00,46316.0,0.0661,0.1134,0.2221,10.65
2015-07-26 20:00:00,45305.0,0.0802,0.114,0.0,36.96
2015-07-27 00:00:00,37983.0,0.1606,0.3474,0.0,25.5
2015-07-27 04:00:00,51683.0,0.1547,0.4315,0.0029,15.88
2015-07-27 08:00:00,65288.0,0.2978,0.2995,0.2574,43.61
2015-07-27 12:00:00,64420.0,0.3895,0.1681,0.3332,40.02
2015-07-27 16:00:00,60789.0,0.3687,0.2648,0.1932,26.48
2015-07-27 20:00:00,52412.0,0.3518,0.4027,0.0,33.05
2015-07-28 00:00:00,42577.0,0.3578,0.467,0.0,19.13
2015-07-28 04:00:00,53494.0,0.3138,0.4782,0.0031,12.6
2015-07-28 08:00:00,67186.0,0.6045,0.484,0.302,31.0
2015-07-28 12:00:00,65690.0,0.6185,0.5729,0.3873,23.88
2015-07-28 16:00:00,61012.0,0.5235,0.6184,0.145,23.29
2015-07-28 20:00:00,52024.0,0.2906,0.5474,0.0,31.88
2015-07-29 00:00:00,42079.0,0.2899,0.479,0.0,21.05
2015-07-29 04:00:00,53158.0,0.2312,0.5552,0.0038,16.13
2015-07-29 08:00:00,65883.0,0.4288,0.5932,0.3324,37.93
2015-07-29 12:00:00,63668.0,0.5075,0.7324,0.3459,35.44
2015-07-29 16:00:00,60140.0,0.5192,0.6668,0.2018,25.13
2015-07-29 20:00:00,52485.0,0.4564,0.8417,0.0,31.5
2015-07-30 00:00:00,42366.0,0.4968,0.8239,0.0,16.12
2015-07-30 04:00:00,53195.0,0.3981,0.813,0.0071,11.14
2015-07-30 08:00:00,66054.0,0.5341,0.7447,0.4068,33.16
2015-07-30 12:00:00,64997.0,0.5076,0.7444,0.4205,22.34
2015-07-30 16:00:00,59928.0,0.4244,0.7471,0.2066,26.41
2015-07-30 20:00:00,52045.0,0.2528,0.6415,0.0,37.27
2015-07-31 00:00:00,41664.0,0.2171,0.531,0.0,25.21
2015-07-31 04:00:00,52178.0,0.1489,0.4586,0.0062,18.94
2015-07-31 08:00:00,64532.0,0.1475,0.3485,0.4791,38.88
2015-07-31 12:00:00,60768.0,0.1055,0.1956,0.5467,26.06
2015-07-31 16:00:00,56713.0,0.0459,0.1074,0.2715,29.37
2015-07-31 20:00:00,49469.0,0.105,0.0487,0.0,45.44
2015-08-01 00:00:00,39472.0,0.0687,0.0335,0.0,25.5
2015-08-01 04:00:00,40793.0,0.0505,0.0705,0.0027,21.91
2015-08-01 08:00:00,52920.0,0.0306,0.0831,0.4428,24.45
2015-08-01 12:00:00,49709.0,0.0071,0.0207,0.6396,15.35
2015-08-01 16:00:00,48786.0,0.0055,0.0029,0.2146,16.02
2015-08-01 20:00:00,44164.0,0.0994,0.0109,0.0,30.27
2015-08-02 00:00:00,35310.0,0.0499,0.0291,0.0,17.09
2015-08-02 04:00:00,34770.0,0.0375,0.0566,0.0068,15.04
2015-08-02 08:00:00,45931.0,0.01,0.0663,0.4946,14.93
2015-08-02 12:00:00,44392.0,0.0068,0.0238,0.6994,11.5
2015-08-02 16:00:00,45631.0,0.019,0.0035,0.2755,12.06
2015-08-02 20:00:00,46161.0,0.1529,0.0637,0.0,30.01
2015-08-03 00:00:00,38071.0,0.1286,0.1559,0.0,23.03
2015-08-03 04:00:00,50148.0,0.1073,0.2907,0.0092,14.09
2015-08-03 08:00:00,63707.0,0.079,0.3815,0.5535,38.55
2015-08-03 12:00:00,63545.0,0.0654,0.4156,0.7323,26.39
2015-08-03 16:00:00,59297.0,0.0443,0.2414,0.2881,26.57
2015-08-03 20:00:00,52171.0,0.1624,0.0946,0.0,40.86
2015-08-04 00:00:00,41675.0,0.1876,0.0442,0.0,26.69
2015-08-04 04:00:00,52078.0,0.1821,0.1169,0.0056,21.98
2015-08-04 08:00:00,64866.0,0.065,0.0392,0.4471,36.99
2015-08-04 12:00:00,64614.00000000001,0.1151,0.0626,0.4412,33.98
2015-08-04 16:00:00,60446.0,0.1598,0.1913,0.1462,38.98
2015-08-04 20:00:00,52399.0,0.155,0.2419,0.0,40.27
2015-08-05 00:00:00,41423.0,0.1204,0.1959,0.0,30.4
2015-08-05 04:00:00,51685.0,0.0713,0.1848,0.0023,24.07
2015-08-05 08:00:00,63406.0,0.0457,0.1688,0.4214,43.75
2015-08-05 12:00:00,63096.0,0.0183,0.0958,0.7171,31.42
2015-08-05 16:00:00,58762.0,0.0039,0.0043,0.282,29.8
2015-08-05 20:00:00,51857.0,0.1382,0.1139,0.0,41.92
2015-08-06 00:00:00,42372.0,0.1714,0.2603,0.0,30.24
2015-08-06 04:00:00,52311.0,0.1162,0.2721,0.0063,23.02
2015-08-06 08:00:00,64663.0,0.0234,0.1372,0.5159,42.72
2015-08-06 12:00:00,64349.99999999999,0.0456,0.0752,0.6919,30.49
2015-08-06 16:00:00,60419.0,0.0246,0.0284,0.2608,30.93
2015-08-06 20:00:00,53406.0,0.0926,0.0775,0.0,45.18
2015-08-07 00:00:00,42544.0,0.0787,0.0769,0.0,30.35
2015-08-07 04:00:00,51809.0,0.0377,0.0358,0.0039,25.28
2015-08-07 08:00:00,64913.0,0.0106,0.0086,0.4454,39.82
2015-08-07 12:00:00,62877.0,0.0076,0.0137,0.6319,32.56
2015-08-07 16:00:00,58414.0,0.0208,0.0011,0.2508,30.99
2015-08-07 20:00:00,50731.0,0.1293,0.0267,0.0,41.41
2015-08-08 00:00:00,40697.0,0.0937,0.058,0.0,31.22
2015-08-08 04:00:00,43437.0,0.079,0.1015,0.0023,23.05
2015-08-08 08:00:00,55685.0,0.06,0.1166,0.4137,29.91
2015-08-08 12:00:00,52557.0,0.0487,0.0743,0.5298,25.24
2015-08-08 16:00:00,50909.0,0.1759,0.0699,0.2092,25.28
2015-08-08 20:00:00,45970.0,0.1723,0.0247,0.0,33.91
2015-08-09 00:00:00,36554.0,0.0812,0.0148,0.0,27.02
2015-08-09 04:00:00,36349.0,0.0571,0.0157,0.0034,22.2
2015-08-09 08:00:00,46551.0,0.031,0.0191,0.4636,22.64
2015-08-09 12:00:00,45815.0,0.0178,0.0036,0.6544,23.72
2015-08-09 16:00:00,47336.0,0.0363,0.0019,0.2489,24.59
2015-08-09 20:00:00,47003.0,0.1686,0.0164,0.0,36.46
2015-08-10 00:00:00,38887.0,0.0838,0.0262,0.0,30.6
2015-08-10 04:00:00,50211.0,0.0514,0.0085,0.0013,23.04
2015-08-10 08:00:00,64093.99999999999,0.0369,0.0098,0.4181,43.8
2015-08-10 12:00:00,63384.0,0.0228,0.0134,0.5905,36.92
2015-08-10 16:00:00,59522.0,0.0527,0.0301,0.2085,34.77
2015-08-10 20:00:00,51471.0,0.1492,0.0278,0.0,36.97
2015-08-11 00:00:00,42581.0,0.0839,0.0753,0.0,29.94
2015-08-11 04:00:00,52394.0,0.0507,0.0495,0.0014,27.03
2015-08-11 08:00:00,66765.0,0.0221,0.0079,0.4369,46.45
2015-08-11 12:00:00,66436.0,0.037,0.0295,0.6123,43.91
2015-08-11 16:00:00,59908.0,0.0922,0.0507,0.245,38.88
2015-08-11 20:00:00,52146.0,0.1364,0.037,0.0,44.29
2015-08-12 00:00:00,42231.0,0.0746,0.0332,0.0,29.98
2015-08-12 04:00:00,52831.0,0.0459,0.0305,0.0012,27.21
2015-08-12 08:00:00,65217.0,0.0621,0.0543,0.3803,42.85
2015-08-12 12:00:00,64083.0,0.0485,0.0392,0.5117,40.41
2015-08-12 16:00:00,60498.0,0.0709,0.0491,0.1919,39.3
2015-08-12 20:00:00,52547.0,0.1307,0.0765,0.0,43.07
2015-08-13 00:00:00,42492.0,0.108,0.1473,0.0,28.87
2015-08-13 04:00:00,53095.0,0.1127,0.2219,0.0018,25.43
2015-08-13 08:00:00,64447.0,0.1287,0.228,0.5041,44.14
2015-08-13 12:00:00,64665.00000000001,0.1301,0.298,0.7034,35.84
2015-08-13 16:00:00,60946.0,0.1909,0.4202,0.2511,32.92
2015-08-13 20:00:00,53640.0,0.2743,0.5051,0.0,39.92
2015-08-14 00:00:00,43444.0,0.2479,0.5168,0.0,24.09
2015-08-14 04:00:00,54106.0,0.2111,0.4968,0.0011,17.06
2015-08-14 08:00:00,65093.0,0.1686,0.4318,0.4196,35.5
2015-08-14 12:00:00,63092.0,0.1704,0.3023,0.5789,28.6
2015-08-14 16:00:00,59503.0,0.0987,0.1723,0.159,29.56
2015-08-14 20:00:00,50614.0,0.1359,0.0875,0.0,37.52
2015-08-15 00:00:00,40596.0,0.089,0.1054,0.0,32.0
2015-08-15 04:00:00,41831.0,0.0583,0.0587,0.0012,26.53
2015-08-15 08:00:00,53097.0,0.0373,0.057,0.337,30.43
2015-08-15 12:00:00,50490.0,0.0292,0.0569,0.3878,36.24
2015-08-15 16:00:00,49119.0,0.03,0.1018,0.1552,30.32
2015-08-15 20:00:00,44482.0,0.0502,0.1203,0.0,38.13
2015-08-16 00:00:00,36127.0,0.0456,0.2158,0.0,31.34
2015-08-16 04:00:00,36632.0,0.0467,0.2789,0.0006,27.04
2015-08-16 08:00:00,46392.0,0.056,0.2646,0.1511,28.05
2015-08-16 12:00:00,45456.0,0.074,0.3166,0.2223,37.85
2015-08-16 16:00:00,47252.0,0.0897,0.4489,0.0723,27.04
2015-08-16 20:00:00,45075.0,0.1144,0.3868,0.0,31.06
2015-08-17 00:00:00,37879.0,0.1209,0.3682,0.0,29.11
2015-08-17 04:00:00,51376.0,0.1053,0.2303,0.0,26.03
2015-08-17 08:00:00,64455.0,0.1309,0.1961,0.1197,46.07
2015-08-17 12:00:00,63022.0,0.1783,0.3114,0.1853,49.54
2015-08-17 16:00:00,59627.0,0.1274,0.5435,0.0654,43.07
2015-08-17 20:00:00,50866.0,0.1456,0.6496,0.0,44.93
2015-08-18 00:00:00,41119.0,0.1442,0.6412,0.0,28.99
2015-08-18 04:00:00,52528.0,0.1121,0.5077,0.0002,22.1
2015-08-18 08:00:00,64257.00000000001,0.1229,0.4114,0.2015,41.09
2015-08-18 12:00:00,62870.0,0.081,0.2394,0.256,40.5
2015-08-18 16:00:00,58796.0,0.0305,0.1933,0.1061,40.92
2015-08-18 20:00:00,50909.0,0.0475,0.1584,0.0,45.31
2015-08-19 00:00:00,41009.0,0.0452,0.1139,0.0,33.04
2015-08-19 04:00:00,52053.0,0.0369,0.0867,0.0003,27.8
2015-08-19 08:00:00,63265.0,0.0282,0.0788,0.3267,45.66
2015-08-19 12:00:00,61782.0,0.0195,0.0528,0.3482,43.57
2015-08-19 16:00:00,58813.0,0.0095,0.0458,0.1269,41.92
2015-08-19 20:00:00,51157.0,0.0212,0.0546,0.0,45.31
2015-08-20 00:00:00,41046.0,0.0203,0.0353,0.0,30.76
2015-08-20 04:00:00,52594.0,0.0209,0.0255,0.0002,24.75
2015-08-20 08:00:00,63497.0,0.0238,0.0268,0.354,43.12
2015-08-20 12:00:00,62446.0,0.0131,0.0304,0.4406,42.0
2015-08-20 16:00:00,59222.0,0.0082,0.0632,0.1702,37.91
2015-08-20 20:00:00,51686.0,0.0494,0.1012,0.0,42.99
2015-08-21 00:00:00,41583.0,0.0497,0.1143,0.0,25.32
2015-08-21 04:00:00,52476.0,0.0322,0.0903,0.0005,25.31
2015-08-21 08:00:00,63633.0,0.0265,0.1112,0.5064,39.56
2015-08-21 12:00:00,60954.0,0.016,0.1053,0.6249,28.06
2015-08-21 16:00:00,57147.0,0.0159,0.0614,0.2394,28.06
2015-08-21 20:00:00,49518.0,0.0896,0.1277,0.0,39.81
2015-08-22 00:00:00,39854.0,0.0898,0.1436,0.0,33.99
2015-08-22 04:00:00,41448.0,0.062,0.114,0.0003,25.52
2015-08-22 08:00:00,53595.0,0.0376,0.1354,0.5304,32.08
2015-08-22 12:00:00,50439.0,0.0584,0.1957,0.6625,20.0
2015-08-22 16:00:00,48738.0,0.0957,0.257,0.233,16.3
2015-08-22 20:00:00,44700.0,0.2488,0.4372,0.0,39.92
2015-08-23 00:00:00,36334.0,0.2041,0.3444,0.0,21.42
2015-08-23 04:00:00,35968.0,0.1903,0.3417,0.0005,15.06
2015-08-23 08:00:00,46713.0,0.2325,0.4454,0.5233,17.13
2015-08-23 12:00:00,46572.0,0.2982,0.5598,0.611,12.85
2015-08-23 16:00:00,47281.0,0.3001,0.656,0.1681,11.72
2015-08-23 20:00:00,46369.0,0.3274,0.6206,0.0,27.6
2015-08-24 00:00:00,38697.0,0.2208,0.5813,0.0,16.0
2015-08-24 04:00:00,52421.0,0.1405,0.4811,0.0001,16.6
2015-08-24 08:00:00,65633.0,0.1618,0.3313,0.1012,45.02
2015-08-24 12:00:00,64867.00000000001,0.2286,0.1903,0.0723,37.88
2015-08-24 16:00:00,61034.0,0.1903,0.1302,0.0,34.98
2015-08-24 20:00:00,54723.0,0.3307,0.5084,0.0,31.95
2015-08-25 00:00:00,46760.0,0.378,0.3558,0.0,16.17
2015-08-25 04:00:00,57036.0,0.3653,0.4035,0.0,12.28
2015-08-25 08:00:00,67307.0,0.5971,0.6954,0.2757,37.2
2015-08-25 12:00:00,65193.0,0.5585,0.8528,0.3815,21.62
2015-08-25 16:00:00,60923.0,0.2604,0.6822,0.1712,23.99
2015-08-25 20:00:00,54609.0,0.2159,0.5321,0.0,39.35
2015-08-26 00:00:00,46705.0,0.2686,0.7221,0.0,25.29
2015-08-26 04:00:00,56643.0,0.2396,0.6375,0.0,19.27
2015-08-26 08:00:00,66500.0,0.2329,0.5638,0.4839,36.39
2015-08-26 12:00:00,65729.0,0.2727,0.7126,0.667,25.56
2015-08-26 16:00:00,61321.0,0.1543,0.5264,0.198,28.27
2015-08-26 20:00:00,53599.0,0.3393,0.547,0.0,42.44
2015-08-27 00:00:00,42851.0,0.2982,0.5651,0.0,16.56
2015-08-27 04:00:00,55290.0,0.2356,0.4842,0.0,17.54
2015-08-27 08:00:00,66443.0,0.1715,0.4853,0.289,35.64
2015-08-27 12:00:00,65363.0,0.2063,0.6094,0.37,28.8
2015-08-27 16:00:00,61454.0,0.0987,0.5304,0.0981,36.89
2015-08-27 20:00:00,52124.0,0.103,0.2542,0.0,43.02
2015-08-28 00:00:00,42622.0,0.1013,0.2042,0.0,28.59
2015-08-28 04:00:00,54166.0,0.0755,0.1624,0.0001,27.8
2015-08-28 08:00:00,65794.0,0.0581,0.2126,0.2474,51.78
2015-08-28 12:00:00,62423.0,0.0811,0.2934,0.3377,42.96
2015-08-28 16:00:00,58295.0,0.0612,0.3099,0.1578,42.0
2015-08-28 20:00:00,50442.0,0.0454,0.275,0.0,49.0
2015-08-29 00:00:00,40462.0,0.0454,0.2153,0.0,34.87
2015-08-29 04:00:00,42820.0,0.0313,0.1759,0.0,26.98
2015-08-29 08:00:00,54623.0,0.0161,0.222,0.4703,34.32
2015-08-29 12:00:00,51228.0,0.0121,0.1448,0.6272,20.05
2015-08-29 16:00:00,49514.0,0.0014,0.0227,0.2069,23.48
2015-08-29 20:00:00,44751.0,0.0682,0.005,0.0,43.09
2015-08-30 00:00:00,36348.0,0.0725,0.0107,0.0,30.16
2015-08-30 04:00:00,36814.0,0.0578,0.0128,0.0,24.03
2015-08-30 08:00:00,44998.0,0.0259,0.0075,0.4166,27.14
2015-08-30 12:00:00,46472.0,0.0279,0.0484,0.6103,18.23
2015-08-30 16:00:00,47153.0,0.0233,0.069,0.1829,19.98
2015-08-30 20:00:00,47213.0,0.0949,0.1719,0.0,40.98
2015-08-31 00:00:00,39719.0,0.0602,0.1047,0.0,28.19
2015-08-31 04:00:00,53977.0,0.0598,0.1029,0.0,25.02
2015-08-31 08:00:00,66944.0,0.0405,0.1707,0.453,46.92
2015-08-31 12:00:00,65465.99999999999,0.0842,0.2074,0.6408,29.53
2015-08-31 16:00:00,61589.0,0.0877,0.2575,0.1948,32.08
2015-08-31 20:00:00,53786.0,0.1523,0.1167,0.0,44.76
2015-09-01 00:00:00,43731.0,0.1863,0.3488,0.0,27.72
2015-09-01 04:00:00,55871.0,0.1602,0.4726,0.0,25.99
2015-09-01 08:00:00,67397.0,0.1201,0.4163,0.3352,49.93
2015-09-01 12:00:00,66496.0,0.2152,0.5095,0.3151,42.46
2015-09-01 16:00:00,62631.0,0.2393,0.6091,0.085,41.96
2015-09-01 20:00:00,53194.0,0.2626,0.6513,0.0,46.67
2015-09-02 00:00:00,42954.0,0.2063,0.7175,0.0,27.58
2015-09-02 04:00:00,55569.0,0.1723,0.7386,0.0,25.09
2015-09-02 08:00:00,66413.0,0.238,0.7496,0.4195,45.01
2015-09-02 12:00:00,64878.0,0.1968,0.637,0.4479,32.43
2015-09-02 16:00:00,60662.0,0.0998,0.5795,0.1365,40.97
2015-09-02 20:00:00,52599.0,0.0685,0.549,0.0,53.32
2015-09-03 00:00:00,42834.0,0.0659,0.4945,0.0,29.44
2015-09-03 04:00:00,55900.0,0.0541,0.4788,0.0,27.42
2015-09-03 08:00:00,65561.0,0.0456,0.5317,0.3055,52.02
2015-09-03 12:00:00,63616.0,0.054,0.4778,0.3637,46.86
2015-09-03 16:00:00,60178.0,0.0383,0.4676,0.1289,41.43
2015-09-03 20:00:00,52224.0,0.0478,0.5827,0.0,49.1
2015-09-04 00:00:00,42352.0,0.0866,0.524,0.0,28.18
2015-09-04 04:00:00,54842.0,0.1251,0.4585,0.0,26.08
2015-09-04 08:00:00,65418.00000000001,0.1689,0.3895,0.4025,47.98
2015-09-04 12:00:00,63207.0,0.2681,0.2424,0.4027,28.62
2015-09-04 16:00:00,59000.0,0.2574,0.1102,0.1404,26.21
2015-09-04 20:00:00,50998.0,0.2581,0.4792,0.0,42.44
2015-09-05 00:00:00,40757.0,0.296,0.6139,0.0,24.39
2015-09-05 04:00:00,43144.0,0.3239,0.6755,0.0,16.95
2015-09-05 08:00:00,55009.0,0.4634,0.8156,0.316,27.3
2015-09-05 12:00:00,52344.0,0.6031,0.8834,0.3356,16.06
2015-09-05 16:00:00,51312.0,0.5059,0.9333,0.1098,14.57
2015-09-05 20:00:00,45693.0,0.4368,0.9454,0.0,25.07
2015-09-06 00:00:00,36642.0,0.4869,0.925,0.0,0.07
2015-09-06 04:00:00,37646.0,0.5295,0.8739,0.0,-1.87
2015-09-06 08:00:00,48563.0,0.6664,0.8045,0.2838,3.74
2015-09-06 12:00:00,48034.0,0.662,0.7588,0.3213,-11.05
2015-09-06 16:00:00,48527.0,0.5051,0.6637,0.127,-14.34
2015-09-06 20:00:00,46423.0,0.3504,0.5561,0.0,28.99
2015-09-07 00:00:00,38290.0,0.2142,0.4297,0.0,16.47
2015-09-07 04:00:00,54296.0,0.1757,0.3304,0.0,13.8
2015-09-07 08:00:00,65674.0,0.1567,0.2234,0.2928,43.57
2015-09-07 12:00:00,64599.00000000001,0.1549,0.18,0.3926,41.76
2015-09-07 16:00:00,60986.0,0.1274,0.2764,0.1324,31.75
2015-09-07 20:00:00,52698.0,0.1056,0.3033,0.0,45.17
2015-09-08 00:00:00,42159.0,0.0756,0.2494,0.0,28.7
2015-09-08 04:00:00,55987.0,0.0847,0.2616,0.0,24.47
2015-09-08 08:00:00,64935.0,0.0707,0.1455,0.3826,46.34
2015-09-08 12:00:00,64813.99999999999,0.0657,0.0436,0.4173,34.63
2015-09-08 16:00:00,60957.0,0.0667,0.0335,0.1379,33.79
2015-09-08 20:00:00,52965.0,0.0791,0.0278,0.0,47.08
2015-09-09 00:00:00,42064.0,0.057,0.0249,0.0,28.52
2015-09-09 04:00:00,55667.0,0.0491,0.0434,0.0,26.41
2015-09-09 08:00:00,65150.99999999999,0.0563,0.068,0.4571,46.43
2015-09-09 12:00:00,63542.0,0.0615,0.0418,0.5007,31.17
2015-09-09 16:00:00,60134.0,0.0935,0.0488,0.1583,29.9
2015-09-09 20:00:00,52429.0,0.182,0.0897,0.0,45.06
2015-09-10 00:00:00,42583.0,0.1209,0.0697,0.0,27.04
2015-09-10 04:00:00,55664.0,0.0975,0.0645,0.0,25.91
2015-09-10 08:00:00,64779.0,0.0999,0.1261,0.4505,47.03
2015-09-10 12:00:00,63512.0,0.1165,0.1232,0.4872,29.02
2015-09-10 16:00:00,60374.0,0.1491,0.2463,0.1419,31.94
2015-09-10 20:00:00,53072.0,0.2061,0.3999,0.0,43.62
2015-09-11 00:00:00,42554.0,0.1667,0.3271,0.0,25.24
2015-09-11 04:00:00,55695.0,0.1302,0.2487,0.0,26.06
2015-09-11 08:00:00,65611.0,0.1085,0.3316,0.3638,43.7
2015-09-11 12:00:00,62653.0,0.1132,0.3658,0.4971,28.07
2015-09-11 16:00:00,59450.0,0.0828,0.3068,0.1335,30.01
2015-09-11 20:00:00,51593.0,0.1737,0.3543,0.0,45.05
2015-09-12 00:00:00,40649.0,0.1273,0.2602,0.0,34.79
2015-09-12 04:00:00,43264.0,0.0946,0.1999,0.0,25.91
2015-09-12 08:00:00,54418.0,0.0556,0.3417,0.3372,37.91
2015-09-12 12:00:00,51630.0,0.1183,0.4284,0.6147,24.97
2015-09-12 16:00:00,51008.0,0.0955,0.406,0.1157,27.8
2015-09-12 20:00:00,45972.0,0.2562,0.356,0.0,41.1
2015-09-13 00:00:00,36245.0,0.1364,0.1069,0.0,17.1
2015-09-13 04:00:00,37256.0,0.0921,0.0664,0.0,23.3
2015-09-13 08:00:00,47718.0,0.047,0.0692,0.3107,24.06
2015-09-13 12:00:00,47088.0,0.0636,0.092,0.3699,25.11
2015-09-13 16:00:00,48149.0,0.1172,0.0969,0.0773,22.86
2015-09-13 20:00:00,47163.0,0.234,0.4611,0.0,40.22
2015-09-14 00:00:00,39266.0,0.2401,0.4833,0.0,22.61
2015-09-14 04:00:00,55701.0,0.1717,0.3452,0.0,21.42
2015-09-14 08:00:00,66206.0,0.1127,0.3218,0.1901,42.03
2015-09-14 12:00:00,64793.00000000001,0.1854,0.1185,0.2511,44.93
2015-09-14 16:00:00,61932.0,0.2127,0.0871,0.0935,39.47
2015-09-14 20:00:00,53774.0,0.3288,0.4784,0.0,41.92
2015-09-15 00:00:00,43801.0,0.3023,0.7833,0.0,18.15
2015-09-15 04:00:00,58295.0,0.2722,0.756,0.0,13.79
2015-09-15 08:00:00,67577.0,0.4043,0.7382,0.3007,42.07
2015-09-15 12:00:00,67072.0,0.5251,0.6819,0.3366,26.75
2015-09-15 16:00:00,62156.0,0.3799,0.7688,0.0949,26.6
2015-09-15 20:00:00,53655.0,0.2819,0.7613,0.0,45.83
2015-09-16 00:00:00,43120.0,0.1876,0.4863,0.0,24.34
2015-09-16 04:00:00,57491.0,0.1734,0.2338,0.0,20.0
2015-09-16 08:00:00,67211.0,0.2137,0.1616,0.1618,52.06
2015-09-16 12:00:00,66000.0,0.3643,0.4723,0.229,40.79
2015-09-16 16:00:00,64223.0,0.3307,0.3581,0.0597,32.59
2015-09-16 20:00:00,54762.0,0.3978,0.6082,0.0,32.62
2015-09-17 00:00:00,43936.0,0.421,0.7963,0.0,15.88
2015-09-17 04:00:00,58625.0,0.387,0.8663,0.0,11.32
2015-09-17 08:00:00,68785.0,0.5059,0.8777,0.2378,36.03
2015-09-17 12:00:00,63288.0,0.4211,0.7741,0.2273,28.26
2015-09-17 16:00:00,63432.0,0.3776,0.7036,0.0419,30.01
2015-09-17 20:00:00,54123.0,0.3732,0.7883,0.0,40.98
2015-09-18 00:00:00,43429.0,0.3191,0.6766,0.0,21.98
2015-09-18 04:00:00,57334.0,0.2181,0.501,0.0,21.72
2015-09-18 08:00:00,66615.0,0.1892,0.4294,0.3617,51.16
2015-09-18 12:00:00,63260.0,0.1526,0.2996,0.3981,39.99
2015-09-18 16:00:00,59726.0,0.0778,0.136,0.0984,40.05
2015-09-18 20:00:00,51144.0,0.1173,0.0464,0.0,47.7
2015-09-19 00:00:00,40753.0,0.1356,0.0294,0.0,28.54
2015-09-19 04:00:00,43493.0,0.108,0.0528,0.0,23.73
2015-09-19 08:00:00,54458.0,0.028,0.0867,0.314,32.0
2015-09-19 12:00:00,51481.0,0.0549,0.1123,0.296,30.87
2015-09-19 16:00:00,50583.0,0.0615,0.1441,0.0798,28.01
2015-09-19 20:00:00,45128.0,0.1226,0.248,0.0,44.74
2015-09-20 00:00:00,35956.0,0.1353,0.3201,0.0,23.94
2015-09-20 04:00:00,37171.0,0.1472,0.4233,0.0,16.08
2015-09-20 08:00:00,47714.0,0.1598,0.2362,0.2598,20.13
2015-09-20 12:00:00,46856.0,0.2615,0.1603,0.3135,18.36
2015-09-20 16:00:00,48705.0,0.1503,0.1342,0.0911,16.04
2015-09-20 20:00:00,46267.0,0.1573,0.0879,0.0,38.03
2015-09-21 00:00:00,38258.0,0.1148,0.0644,0.0,26.76
2015-09-21 04:00:00,55582.0,0.086,0.0678,0.0,21.7
2015-09-21 08:00:00,65800.0,0.064,0.0805,0.363,50.55
2015-09-21 12:00:00,53827.0,0.0713,0.1556,0.3971,34.75
2015-09-21 16:00:00,52142.0,0.0279,0.2176,0.0826,37.94
2015-09-21 20:00:00,45129.0,0.1453,0.4614,0.0,48.99
2015-09-22 00:00:00,36117.0,0.1621,0.5654,0.0,27.19
2015-09-22 04:00:00,47831.0,0.1849,0.5299,0.0,20.45
2015-09-22 08:00:00,66658.0,0.1721,0.3392,0.1966,32.57
2015-09-22 12:00:00,62204.0,0.19,0.1202,0.2287,32.75
2015-09-22 16:00:00,60142.0,0.1042,0.0405,0.0418,40.82
2015-09-22 20:00:00,50258.0,0.122,0.0482,0.0,40.81
2015-09-23 00:00:00,39905.0,0.0939,0.0158,0.0,30.96
2015-09-23 04:00:00,54813.0,0.0885,0.0119,0.0,28.53
2015-09-23 08:00:00,67556.0,0.0572,0.0046,0.1555,59.39
2015-09-23 12:00:00,65418.00000000001,0.0466,0.0034,0.2536,51.3
2015-09-23 16:00:00,62043.0,0.0375,0.0113,0.0564,47.03
2015-09-23 20:00:00,53155.0,0.1009,0.0415,0.0,46.8
2015-09-24 00:00:00,42590.0,0.1384,0.1879,0.0,26.17
2015-09-24 04:00:00,57234.0,0.1539,0.3623,0.0,25.64
2015-09-24 08:00:00,66919.0,0.1431,0.5495,0.3069,43.98
2015-09-24 12:00:00,65078.0,0.2346,0.5459,0.3695,27.0
2015-09-24 16:00:00,61841.0,0.189,0.4267,0.0644,28.21
2015-09-24 20:00:00,53709.0,0.176,0.4073,0.0,42.1
2015-09-25 00:00:00,42939.0,0.1338,0.3143,0.0,26.05
2015-09-25 04:00:00,57175.0,0.0957,0.2721,0.0,25.22
2015-09-25 08:00:00,66171.0,0.0304,0.2249,0.3249,46.94
2015-09-25 12:00:00,62909.0,0.0458,0.2187,0.326,28.74
2015-09-25 16:00:00,59792.0,0.0512,0.1645,0.053,34.24
2015-09-25 20:00:00,51889.0,0.062,0.0942,0.0,44.99
2015-09-26 00:00:00,40996.0,0.0622,0.063,0.0,31.72
2015-09-26 04:00:00,44136.0,0.0532,0.0561,0.0,28.64
2015-09-26 08:00:00,54713.0,0.0235,0.026,0.3261,42.07
2015-09-26 12:00:00,51841.0,0.0372,0.0423,0.2618,27.34
2015-09-26 16:00:00,51514.0,0.0763,0.076,0.056,28.66
2015-09-26 20:00:00,45967.0,0.1338,0.0979,0.0,42.29
2015-09-27 00:00:00,36222.0,0.0916,0.0488,0.0,28.07
2015-09-27 04:00:00,37342.0,0.0766,0.0695,0.0,23.78
2015-09-27 08:00:00,48182.0,0.0552,0.045,0.4308,30.09
2015-09-27 12:00:00,45621.0,0.0647,0.0356,0.3747,15.96
2015-09-27 16:00:00,48377.0,0.0903,0.0813,0.075,16.83
2015-09-27 20:00:00,46779.0,0.1117,0.0648,0.0,41.94
2015-09-28 00:00:00,38706.0,0.0697,0.025,0.0,24.37
2015-09-28 04:00:00,55890.0,0.0487,0.0322,0.0,20.16
2015-09-28 08:00:00,66675.0,0.0292,0.0229,0.396,54.42
2015-09-28 12:00:00,63933.0,0.051,0.0041,0.4422,26.87
2015-09-28 16:00:00,61375.0,0.1101,0.0218,0.0758,32.06
2015-09-28 20:00:00,52912.0,0.1748,0.0227,0.0,46.42
2015-09-29 00:00:00,43069.0,0.1178,0.0051,0.0,28.51
2015-09-29 04:00:00,57861.0,0.0936,0.0017,0.0,26.55
2015-09-29 08:00:00,66286.0,0.0985,0.0066,0.4451,55.44
2015-09-29 12:00:00,64980.00000000001,0.1523,0.0105,0.4134,26.98
2015-09-29 16:00:00,62151.0,0.1786,0.0351,0.0682,29.02
2015-09-29 20:00:00,54487.0,0.245,0.069,0.0,43.76
2015-09-30 00:00:00,43354.0,0.1633,0.0445,0.0,28.17
2015-09-30 04:00:00,58029.0,0.101,0.0143,0.0,27.0
2015-09-30 08:00:00,66596.0,0.0859,0.0057,0.4416,55.5
2015-09-30 12:00:00,64102.99999999999,0.116,0.0115,0.5579,28.13
2015-09-30 16:00:00,61840.0,0.1355,0.019,0.0686,33.28
2015-09-30 20:00:00,54422.0,0.1494,0.0416,0.0,48.93
2015-10-01 00:00:00,43338.0,0.0925,0.0173,0.0,30.03
2015-10-01 04:00:00,58058.0,0.076,0.0368,0.0,29.4
2015-10-01 08:00:00,66233.0,0.0658,0.0423,0.4944,59.06
2015-10-01 12:00:00,64143.0,0.0853,0.0504,0.6609,29.14
2015-10-01 16:00:00,60904.0,0.0574,0.0469,0.0751,36.26
2015-10-01 20:00:00,53606.0,0.0749,0.0324,0.0,55.0
2015-10-02 00:00:00,43085.0,0.054,0.0527,0.0,31.37
2015-10-02 04:00:00,57866.0,0.0521,0.075,0.0,30.82
2015-10-02 08:00:00,65984.0,0.0133,0.0304,0.4475,60.0
2015-10-02 12:00:00,52414.0,0.0326,0.047,0.6442,30.07
2015-10-02 16:00:00,58921.0,0.0565,0.0436,0.0701,32.02
2015-10-02 20:00:00,50794.0,0.1303,0.0255,0.0,49.03
2015-10-03 00:00:00,39738.0,0.104,0.0256,0.0,26.75
2015-10-03 04:00:00,39362.0,0.0702,0.0201,0.0,24.77
2015-10-03 08:00:00,49005.0,0.0136,0.0771,0.4308,28.06
2015-10-03 12:00:00,46401.0,0.0353,0.1081,0.5742,23.53
2015-10-03 16:00:00,47506.0,0.0243,0.0388,0.0492,24.05
2015-10-03 20:00:00,44208.0,0.0418,0.0267,0.0,41.95
2015-10-04 00:00:00,35111.0,0.0669,0.0041,0.0,27.63
2015-10-04 04:00:00,36660.0,0.1054,0.0216,0.0,25.7
2015-10-04 08:00:00,48155.0,0.0292,0.0301,0.2509,30.02
2015-10-04 12:00:00,46243.0,0.0479,0.042,0.3451,29.24
2015-10-04 16:00:00,48737.0,0.0349,0.0646,0.0397,25.44
2015-10-04 20:00:00,46349.0,0.043,0.018,0.0,44.9
2015-10-05 00:00:00,38390.0,0.0438,0.0093,0.0,27.66
2015-10-05 04:00:00,55752.0,0.0507,0.0615,0.0,25.84
2015-10-05 08:00:00,65165.00000000001,0.0254,0.1038,0.3308,55.07
2015-10-05 12:00:00,63471.0,0.0694,0.1743,0.477,42.17
2015-10-05 16:00:00,61858.0,0.1177,0.2549,0.0321,41.38
2015-10-05 20:00:00,53319.0,0.2347,0.5252,0.0,45.45
2015-10-06 00:00:00,43158.0,0.23,0.558,0.0,25.05
2015-10-06 04:00:00,58218.0,0.2379,0.5762,0.0,23.66
2015-10-06 08:00:00,68606.0,0.2521,0.7427,0.1805,48.08
2015-10-06 12:00:00,66602.0,0.2487,0.6862,0.2053,45.69
2015-10-06 16:00:00,65265.0,0.237,0.5208,0.0145,40.0
2015-10-06 20:00:00,53894.0,0.2545,0.445,0.0,39.91
2015-10-07 00:00:00,43373.0,0.2054,0.4373,0.0,28.07
2015-10-07 04:00:00,58341.0,0.1973,0.5011,0.0,23.66
2015-10-07 08:00:00,67755.0,0.1831,0.3848,0.1402,50.03
2015-10-07 12:00:00,66139.0,0.1751,0.2641,0.1297,47.51
2015-10-07 16:00:00,64122.0,0.133,0.2761,0.0133,44.2
2015-10-07 20:00:00,53909.0,0.1505,0.289,0.0,49.56
2015-10-08 00:00:00,42868.0,0.0998,0.1715,0.0,32.2
2015-10-08 04:00:00,57211.0,0.0693,0.1347,0.0,28.42
2015-10-08 08:00:00,66999.0,0.0401,0.1212,0.146,59.84
2015-10-08 12:00:00,65384.0,0.022,0.1215,0.1234,52.46
2015-10-08 16:00:00,64194.0,0.0166,0.108,0.0127,50.0
2015-10-08 20:00:00,53909.0,0.0306,0.0706,0.0,58.04
2015-10-09 00:00:00,42851.0,0.0236,0.0468,0.0,33.12
2015-10-09 04:00:00,56890.0,0.0262,0.055,0.0,30.47
2015-10-09 08:00:00,66707.0,0.0276,0.0617,0.1629,61.04
2015-10-09 12:00:00,62986.0,0.0283,0.0397,0.2068,50.85
2015-10-09 16:00:00,61803.0,0.07,0.0541,0.0174,44.48
2015-10-09 20:00:00,52330.0,0.113,0.0734,0.0,49.99
2015-10-10 00:00:00,41142.0,0.1018,0.0698,0.0,32.46
2015-10-10 04:00:00,43870.0,0.1072,0.0861,0.0,29.95
2015-10-10 08:00:00,54669.0,0.0946,0.1769,0.2584,42.9
2015-10-10 12:00:00,50955.0,0.1656,0.1839,0.4116,29.42
2015-10-10 16:00:00,52897.0,0.2285,0.3454,0.0223,31.62
2015-10-10 20:00:00,47453.0,0.2598,0.4268,0.0,35.06
2015-10-11 00:00:00,37393.0,0.2149,0.4259,0.0,19.71
2015-10-11 04:00:00,38013.0,0.1956,0.4155,0.0,19.45
2015-10-11 08:00:00,47700.0,0.2392,0.5667,0.3936,20.82
2015-10-11 12:00:00,45708.0,0.3195,0.4953,0.5618,16.5
2015-10-11 16:00:00,50285.0,0.2863,0.554,0.0288,16.57
2015-10-11 20:00:00,48639.0,0.2652,0.5723,0.0,32.28
2015-10-12 00:00:00,40182.0,0.1889,0.393,0.0,23.09
2015-10-12 04:00:00,56336.0,0.1542,0.2927,0.0,19.64
2015-10-12 08:00:00,66265.0,0.1128,0.3915,0.4337,49.88
2015-10-12 12:00:00,64099.99999999999,0.1333,0.3155,0.5621,26.4
2015-10-12 16:00:00,63426.0,0.1731,0.3183,0.0149,32.65
2015-10-12 20:00:00,54983.0,0.1787,0.398,0.0,51.61
2015-10-13 00:00:00,44355.0,0.1163,0.2725,0.0,30.39
2015-10-13 04:00:00,58222.0,0.119,0.3459,0.0,29.05
2015-10-13 08:00:00,68574.0,0.1149,0.36,0.175,56.6
2015-10-13 12:00:00,66359.0,0.0664,0.2598,0.1296,40.82
2015-10-13 16:00:00,66416.0,0.0771,0.4738,0.0053,43.85
2015-10-13 20:00:00,55607.0,0.0615,0.4462,0.0,50.12
2015-10-14 00:00:00,45171.0,0.06,0.4745,0.0,31.47
2015-10-14 04:00:00,58746.0,0.075,0.529,0.0,28.08
2015-10-14 08:00:00,69834.0,0.1084,0.5161,0.0781,63.06
2015-10-14 12:00:00,68128.0,0.1352,0.5157,0.0654,55.17
2015-10-14 16:00:00,67248.0,0.0968,0.5129,0.0034,46.87
2015-10-14 20:00:00,55907.0,0.0969,0.4915,0.0,46.0
2015-10-15 00:00:00,44842.0,0.0774,0.3282,0.0,32.09
2015-10-15 04:00:00,58522.0,0.1147,0.3278,0.0,28.09
2015-10-15 08:00:00,69932.0,0.1471,0.3903,0.0547,50.41
2015-10-15 12:00:00,68304.0,0.167,0.5275,0.0448,51.46
2015-10-15 16:00:00,67831.0,0.1567,0.7215,0.0027,35.0
2015-10-15 20:00:00,56060.0,0.0968,0.6648,0.0,36.07
2015-10-16 00:00:00,44720.0,0.0585,0.486,0.0,29.38
2015-10-16 04:00:00,58250.0,0.045,0.4727,0.0,30.79
2015-10-16 08:00:00,69755.0,0.0288,0.4628,0.057,65.99
2015-10-16 12:00:00,65653.0,0.0249,0.4006,0.0566,54.7
2015-10-16 16:00:00,65651.0,0.0299,0.4918,0.0038,51.94
2015-10-16 20:00:00,54069.0,0.0282,0.4271,0.0,44.8
2015-10-17 00:00:00,42674.0,0.0198,0.2644,0.0,34.19
2015-10-17 04:00:00,44501.0,0.0146,0.1632,0.0,33.97
2015-10-17 08:00:00,56611.0,0.0082,0.1032,0.0989,46.3
2015-10-17 12:00:00,52951.0,0.0045,0.0617,0.0775,43.96
2015-10-17 16:00:00,56178.0,0.009,0.0545,0.0022,39.18
2015-10-17 20:00:00,48185.0,0.0193,0.038,0.0,47.21
2015-10-18 00:00:00,38228.0,0.0267,0.0501,0.0,32.18
2015-10-18 04:00:00,38465.0,0.0333,0.1239,0.0,30.91
2015-10-18 08:00:00,49447.0,0.0173,0.1551,0.0997,32.98
2015-10-18 12:00:00,47871.0,0.0135,0.145,0.1027,38.32
2015-10-18 16:00:00,52992.0,0.0162,0.1415,0.0014,35.01
2015-10-18 20:00:00,48771.0,0.0257,0.1341,0.0,51.71
2015-10-19 00:00:00,40197.0,0.0324,0.0597,0.0,36.72
2015-10-19 04:00:00,56258.0,0.043,0.0472,0.0,32.34
2015-10-19 08:00:00,68029.0,0.0179,0.0577,0.1297,66.32
2015-10-19 12:00:00,66141.0,0.0147,0.0211,0.1243,60.0
2015-10-19 16:00:00,65803.0,0.0187,0.0122,0.0028,54.32
2015-10-19 20:00:00,55666.0,0.0152,0.0077,0.0,57.84
2015-10-20 00:00:00,44014.0,0.0075,0.0018,0.0,33.02
2015-10-20 04:00:00,57927.0,0.0134,0.0141,0.0,31.93
2015-10-20 08:00:00,68433.0,0.009,0.0155,0.118,65.56
2015-10-20 12:00:00,66517.0,0.0346,0.0475,0.1023,55.99
2015-10-20 16:00:00,66417.0,0.0469,0.0413,0.0011,52.73
2015-10-20 20:00:00,55549.0,0.0548,0.0025,0.0,51.05
2015-10-21 00:00:00,44149.0,0.046,0.0535,0.0,32.34
2015-10-21 04:00:00,58112.0,0.0364,0.1594,0.0,31.27
2015-10-21 08:00:00,68008.0,0.0435,0.3761,0.122,61.96
2015-10-21 12:00:00,65732.0,0.0933,0.5349,0.1858,46.37
2015-10-21 16:00:00,66573.0,0.1161,0.6297,0.0018,39.34
2015-10-21 20:00:00,56079.0,0.1904,0.4929,0.0,38.25
2015-10-22 00:00:00,44599.0,0.1965,0.3488,0.0,27.38
2015-10-22 04:00:00,59497.0,0.1935,0.4721,0.0,27.92
2015-10-22 08:00:00,67740.0,0.1616,0.6021,0.1536,46.59
2015-10-22 12:00:00,66160.0,0.2382,0.737,0.1308,45.87
2015-10-22 16:00:00,66776.0,0.31,0.7758,0.0004,36.09
2015-10-22 20:00:00,56297.0,0.2818,0.6424,0.0,36.03
2015-10-23 00:00:00,44517.0,0.2582,0.5356,0.0,27.28
2015-10-23 04:00:00,58340.0,0.2376,0.2879,0.0,27.15
2015-10-23 08:00:00,60623.0,0.1534,0.247,0.2516,46.95
2015-10-23 12:00:00,64309.0,0.1673,0.2383,0.2264,35.04
2015-10-23 16:00:00,64397.99999999999,0.0803,0.2,0.0008,41.91
2015-10-23 20:00:00,53649.0,0.0576,0.2165,0.0,43.17
2015-10-24 00:00:00,42384.0,0.0786,0.3022,0.0,32.08
2015-10-24 04:00:00,44520.0,0.1061,0.3603,0.0,30.1
2015-10-24 08:00:00,55984.0,0.0449,0.3824,0.1915,40.02
2015-10-24 12:00:00,51756.0,0.084,0.44,0.3173,27.89
2015-10-24 16:00:00,55868.0,0.0957,0.4615,0.0011,31.08
2015-10-24 20:00:00,48070.0,0.1459,0.5252,0.0,34.73
2015-10-25 00:00:00,37808.0,0.1404,0.3238,0.0,28.76
2015-10-25 04:00:00,37606.0,0.123,0.3195,0.0,23.86
2015-10-25 08:00:00,48449.0,0.0822,0.3481,0.1236,32.09
2015-10-25 12:00:00,48998.0,0.1084,0.2493,0.1594,29.04
2015-10-25 16:00:00,52072.0,0.0576,0.0866,0.0006,36.2
2015-10-25 20:00:00,48329.0,0.0315,0.0337,0.0,44.92
2015-10-26 00:00:00,40494.0,0.0427,0.036,0.0,32.29
2015-10-26 04:00:00,47788.0,0.062,0.0681,0.0,31.73
2015-10-26 08:00:00,65538.0,0.0563,0.173,0.2203,52.18
2015-10-26 12:00:00,64986.99999999999,0.0865,0.2597,0.4197,36.12
2015-10-26 16:00:00,66703.0,0.1871,0.2705,0.0013,48.59
2015-10-26 20:00:00,58266.0,0.2156,0.338,0.0,34.63
2015-10-27 00:00:00,45497.0,0.1476,0.311,0.0,28.56
2015-10-27 04:00:00,50794.0,0.1042,0.2567,0.0,29.03
2015-10-27 08:00:00,66536.0,0.0586,0.2145,0.2273,50.88
2015-10-27 12:00:00,66269.0,0.082,0.2427,0.3883,39.91
2015-10-27 16:00:00,67901.0,0.1926,0.2907,0.0012,49.18
2015-10-27 20:00:00,59082.0,0.1914,0.275,0.0,40.04
2015-10-28 00:00:00,45270.0,0.1068,0.2382,0.0,32.92
2015-10-28 04:00:00,50840.0,0.1063,0.3936,0.0,30.71
2015-10-28 08:00:00,66924.0,0.1039,0.5286,0.1691,46.91
2015-10-28 12:00:00,66777.0,0.1076,0.4222,0.2877,36.14
2015-10-28 16:00:00,68571.0,0.1573,0.4301,0.0003,51.99
2015-10-28 20:00:00,59269.0,0.1293,0.2779,0.0,49.61
2015-10-29 00:00:00,44995.0,0.0651,0.1338,0.0,35.44
2015-10-29 04:00:00,50047.0,0.0329,0.0731,0.0,34.05
2015-10-29 08:00:00,66409.0,0.0067,0.0269,0.1345,56.03
2015-10-29 12:00:00,66552.0,0.0081,0.0166,0.1703,53.91
2015-10-29 16:00:00,68195.0,0.0028,0.0107,0.0005,54.85
2015-10-29 20:00:00,58689.0,0.0129,0.0463,0.0,52.94
2015-10-30 00:00:00,44843.0,0.0167,0.0851,0.0,36.25
2015-10-30 04:00:00,49608.0,0.0379,0.163,0.0,34.02
2015-10-30 08:00:00,66559.0,0.0246,0.2308,0.091,55.0
2015-10-30 12:00:00,64798.0,0.0258,0.2034,0.187,45.65
2015-10-30 16:00:00,66092.0,0.1041,0.292,0.0001,47.51
2015-10-30 20:00:00,56247.0,0.1434,0.286,0.0,38.28
2015-10-31 00:00:00,43351.0,0.1216,0.2319,0.0,33.23
2015-10-31 04:00:00,42783.0,0.0917,0.3016,0.0,27.95
2015-10-31 08:00:00,53404.0,0.1089,0.4755,0.1977,37.6
2015-10-31 12:00:00,52108.0,0.1167,0.2971,0.4238,33.85
2015-10-31 16:00:00,55371.0,0.2384,0.2147,0.0001,39.9
2015-10-31 20:00:00,48665.0,0.2194,0.1405,0.0,38.94
2015-11-01 00:00:00,39364.0,0.1506,0.0758,0.0,25.71
2015-11-01 04:00:00,38574.0,0.0962,0.0319,0.0,24.42
2015-11-01 08:00:00,46333.0,0.0308,0.0196,0.3185,26.26
2015-11-01 12:00:00,47187.0,0.0192,0.0408,0.4785,25.81
2015-11-01 16:00:00,52067.0,0.0228,0.0102,0.0002,34.05
2015-11-01 20:00:00,48232.0,0.0608,0.0064,0.0,46.48
2015-11-02 00:00:00,40461.0,0.0614,0.0073,0.0,28.3
2015-11-02 04:00:00,47964.0,0.0339,0.0049,0.0,23.8
2015-11-02 08:00:00,65068.0,0.0093,0.0091,0.2762,47.92
2015-11-02 12:00:00,65621.0,0.0036,0.0121,0.3958,35.56
2015-11-02 16:00:00,68689.0,0.0363,0.0246,0.0,50.07
2015-11-02 20:00:00,59914.0,0.1058,0.1022,0.0,46.96
2015-11-03 00:00:00,46207.0,0.0749,0.0703,0.0,34.03
2015-11-03 04:00:00,51162.0,0.0455,0.0355,0.0,30.92
2015-11-03 08:00:00,66858.0,0.0166,0.0376,0.2814,49.96
2015-11-03 12:00:00,66664.0,0.0024,0.0096,0.4236,33.08
2015-11-03 16:00:00,69467.0,0.0102,0.0073,0.0,51.13
2015-11-03 20:00:00,59910.0,0.0416,0.0311,0.0,46.08
2015-11-04 00:00:00,46593.0,0.0745,0.0517,0.0,33.23
2015-11-04 04:00:00,51724.0,0.0836,0.0281,0.0,29.83
2015-11-04 08:00:00,66677.0,0.0479,0.0725,0.2275,49.76
2015-11-04 12:00:00,66828.0,0.0375,0.082,0.366,36.03
2015-11-04 16:00:00,69121.0,0.09,0.1583,0.0002,55.1
2015-11-04 20:00:00,59438.0,0.1305,0.2022,0.0,43.01
2015-11-05 00:00:00,45587.0,0.1021,0.2041,0.0,32.01
2015-11-05 04:00:00,50574.0,0.0878,0.2146,0.0,31.91
2015-11-05 08:00:00,65423.0,0.0455,0.1856,0.2275,54.69
2015-11-05 12:00:00,66218.0,0.0329,0.1875,0.3682,37.06
2015-11-05 16:00:00,69016.0,0.0752,0.2279,0.0001,53.93
2015-11-05 20:00:00,59325.0,0.1797,0.3405,0.0,46.44
2015-11-06 00:00:00,45626.0,0.1563,0.2431,0.0,29.12
2015-11-06 04:00:00,50510.0,0.1808,0.192,0.0,26.76
2015-11-06 08:00:00,66613.0,0.16,0.2817,0.138,45.04
2015-11-06 12:00:00,65488.0,0.1589,0.3181,0.2002,41.66
2015-11-06 16:00:00,68221.0,0.2202,0.3161,0.0,40.01
2015-11-06 20:00:00,57207.0,0.264,0.5097,0.0,34.38
2015-11-07 00:00:00,44083.0,0.3152,0.5576,0.0,27.75
2015-11-07 04:00:00,43497.0,0.2784,0.3196,0.0,21.29
2015-11-07 08:00:00,55514.0,0.1491,0.2334,0.0894,32.03
2015-11-07 12:00:00,55413.0,0.1381,0.4922,0.1494,37.83
2015-11-07 16:00:00,59439.0,0.3704,0.9056,0.0,32.05
2015-11-07 20:00:00,49901.0,0.5905,0.9741,0.0,28.43
2015-11-08 00:00:00,39813.0,0.6653,0.9169,0.0,-13.38
2015-11-08 04:00:00,39251.0,0.4424,0.5503,0.0,1.93
2015-11-08 08:00:00,47177.0,0.1841,0.1729,0.2649,22.93
2015-11-08 12:00:00,48431.0,0.0825,0.2136,0.4153,26.93
2015-11-08 16:00:00,54072.0,0.1415,0.5816,0.0,32.45
2015-11-08 20:00:00,49609.0,0.2999,0.7626,0.0,35.84
2015-11-09 00:00:00,41121.0,0.4049,0.8558,0.0,17.94
2015-11-09 04:00:00,48500.0,0.4288,0.6407,0.0,13.33
2015-11-09 08:00:00,67933.0,0.4193,0.8088,0.1304,46.55
2015-11-09 12:00:00,70698.0,0.6216,0.9577,0.1083,31.0
2015-11-09 16:00:00,71391.0,0.6683,0.9667,0.0,31.08
2015-11-09 20:00:00,60893.0,0.6849,0.9383,0.0,30.23
2015-11-10 00:00:00,46557.0,0.7005,0.9568,0.0,11.6
2015-11-10 04:00:00,52486.0,0.7437,0.9517,0.0,12.83
2015-11-10 08:00:00,69310.0,0.6896,0.9242,0.1085,35.63
2015-11-10 12:00:00,70123.0,0.6353,0.8867,0.1235,26.68
2015-11-10 16:00:00,71836.0,0.5146,0.8152,0.0,39.25
2015-11-10 20:00:00,61381.0,0.459,0.8277,0.0,38.95
2015-11-11 00:00:00,46783.0,0.4149,0.7747,0.0,26.46
2015-11-11 04:00:00,52153.0,0.3634,0.6943,0.0,21.46
2015-11-11 08:00:00,68792.0,0.2965,0.5666,0.1052,38.71
2015-11-11 12:00:00,69389.0,0.3237,0.6804,0.2065,37.98
2015-11-11 16:00:00,70853.0,0.2964,0.7519,0.0,38.48
2015-11-11 20:00:00,60675.0,0.3012,0.7928,0.0,41.25
2015-11-12 00:00:00,47120.0,0.3057,0.8084,0.0,25.13
2015-11-12 04:00:00,52209.0,0.3208,0.7078,0.0,24.02
2015-11-12 08:00:00,68747.0,0.2713,0.6334,0.1137,38.4
2015-11-12 12:00:00,69204.0,0.2847,0.4731,0.2355,29.98
2015-11-12 16:00:00,70881.0,0.1233,0.2803,0.0,46.74
2015-11-12 20:00:00,60964.0,0.167,0.5205,0.0,44.08
2015-11-13 00:00:00,46662.0,0.2143,0.6123,0.0,30.04
2015-11-13 04:00:00,51457.0,0.2713,0.8033,0.0,25.35
2015-11-13 08:00:00,68132.0,0.3678,0.8156,0.1061,46.99
2015-11-13 12:00:00,69577.0,0.4449,0.8728,0.1764,31.6
2015-11-13 16:00:00,71105.0,0.4731,0.9393,0.0,33.96
2015-11-13 20:00:00,59236.0,0.6058,0.9505,0.0,28.43
2015-11-14 00:00:00,46443.0,0.6428,0.9757,0.0,16.41
2015-11-14 04:00:00,46262.0,0.6234,0.9462,0.0,10.58
2015-11-14 08:00:00,56964.0,0.5978,0.911,0.1634,17.04
2015-11-14 12:00:00,57513.0,0.6593,0.908,0.1745,15.82
2015-11-14 16:00:00,60200.0,0.4764,0.8216,0.0,30.1
2015-11-14 20:00:00,51557.0,0.3483,0.5155,0.0,30.07
2015-11-15 00:00:00,41218.0,0.3658,0.1621,0.0,24.95
2015-11-15 04:00:00,40657.0,0.4605,0.1226,0.0,17.1
2015-11-15 08:00:00,50526.0,0.6065,0.2503,0.0274,17.87
2015-11-15 12:00:00,53232.0,0.6723,0.379,0.0994,23.33
2015-11-15 16:00:00,57058.0,0.5872,0.2049,0.0,24.05
2015-11-15 20:00:00,51390.0,0.3869,0.2628,0.0,34.95
2015-11-16 00:00:00,42556.0,0.3126,0.5735,0.0,25.27
2015-11-16 04:00:00,49762.0,0.358,0.8179,0.0,21.74
2015-11-16 08:00:00,69154.0,0.4181,0.888,0.1031,32.68
2015-11-16 12:00:00,69701.0,0.4325,0.7506,0.1966,27.87
2015-11-16 16:00:00,71417.0,0.3989,0.6441,0.0,38.94
2015-11-16 20:00:00,60527.0,0.3608,0.4822,0.0,37.73
2015-11-17 00:00:00,46697.0,0.3001,0.5684,0.0,24.64
2015-11-17 04:00:00,51779.0,0.3037,0.4327,0.0,22.5
2015-11-17 08:00:00,69955.0,0.3783,0.382,0.0628,38.75
2015-11-17 12:00:00,71288.0,0.4059,0.4937,0.0998,37.94
2015-11-17 16:00:00,73180.0,0.4336,0.4135,0.0,38.5
2015-11-17 20:00:00,62441.0,0.7196,0.8871,0.0,31.0
2015-11-18 00:00:00,48733.0,0.9153,0.9736,0.0,-0.92
2015-11-18 04:00:00,53820.0,0.9255,0.9669,0.0,-0.09
2015-11-18 08:00:00,70514.0,0.8234,0.874,0.0879,26.97
2015-11-18 12:00:00,70303.0,0.7496,0.8529,0.2048,24.9
2015-11-18 16:00:00,71808.0,0.5968,0.9322,0.0,36.97
2015-11-18 20:00:00,62465.0,0.7753,0.9658,0.0,29.41
2015-11-19 00:00:00,48984.0,0.7982,0.9743,0.0,12.36
2015-11-19 04:00:00,54604.0,0.8301,0.9753,0.0,10.81
2015-11-19 08:00:00,72368.0,0.8579,0.9813,0.1021,32.14
2015-11-19 12:00:00,72632.0,0.855,0.963,0.1475,25.09
2015-11-19 16:00:00,74251.0,0.6468,0.8637,0.0,32.95
2015-11-19 20:00:00,61832.0,0.4207,0.7072,0.0,34.92
2015-11-20 00:00:00,47829.0,0.3695,0.7375,0.0,27.66
2015-11-20 04:00:00,52032.0,0.3567,0.7402,0.0,24.02
2015-11-20 08:00:00,70004.0,0.3065,0.559,0.0526,38.93
2015-11-20 12:00:00,69799.0,0.2536,0.2469,0.0938,47.7
2015-11-20 16:00:00,70236.0,0.167,0.1807,0.0,45.7
2015-11-20 20:00:00,58945.0,0.1705,0.1937,0.0,41.6
2015-11-21 00:00:00,46010.0,0.1778,0.1377,0.0,28.47
2015-11-21 04:00:00,45175.0,0.1567,0.2122,0.0,22.25
2015-11-21 08:00:00,56775.0,0.0985,0.5857,0.1101,29.68
2015-11-21 12:00:00,57017.0,0.0877,0.6536,0.1325,34.13
2015-11-21 16:00:00,60457.0,0.1276,0.5721,0.0,33.02
2015-11-21 20:00:00,52126.0,0.1474,0.4438,0.0,29.95
2015-11-22 00:00:00,42902.0,0.159,0.5514,0.0,25.19
2015-11-22 04:00:00,41493.0,0.194,0.6006,0.0,22.35
2015-11-22 08:00:00,50118.0,0.2268,0.7106,0.0919,22.2
2015-11-22 12:00:00,52914.0,0.2964,0.7877,0.1424,24.84
2015-11-22 16:00:00,57154.0,0.2988,0.8505,0.0,25.56
2015-11-22 20:00:00,52728.0,0.2317,0.7782,0.0,31.07
2015-11-23 00:00:00,44679.0,0.1499,0.3717,0.0,23.65
2015-11-23 04:00:00,50790.0,0.1168,0.0994,0.0,25.73
2015-11-23 08:00:00,69445.0,0.0488,0.0241,0.0853,71.92
2015-11-23 12:00:00,69578.0,0.0555,0.1942,0.191,50.95
2015-11-23 16:00:00,73155.0,0.1451,0.421,0.0,70.82
2015-11-23 20:00:00,62880.0,0.1672,0.6589,0.0,43.5
2015-11-24 00:00:00,50453.0,0.2166,0.8396,0.0,34.31
2015-11-24 04:00:00,55230.0,0.2411,0.8951,0.0,27.1
2015-11-24 08:00:00,68989.0,0.2946,0.9264,0.0907,46.44
2015-11-24 12:00:00,72807.0,0.4248,0.8706,0.2165,31.29
2015-11-24 16:00:00,75817.0,0.4769,0.7135,0.0,43.98
2015-11-24 20:00:00,64480.99999999999,0.3656,0.4183,0.0,32.24
2015-11-25 00:00:00,50899.0,0.254,0.2405,0.0,29.48
2015-11-25 04:00:00,54628.0,0.1827,0.2041,0.0,29.49
2015-11-25 08:00:00,72113.0,0.1288,0.1502,0.0407,46.99
2015-11-25 12:00:00,72107.0,0.0935,0.1999,0.0618,50.58
2015-11-25 16:00:00,73730.0,0.1121,0.378,0.0,51.59
2015-11-25 20:00:00,62987.0,0.107,0.5431,0.0,37.81
2015-11-26 00:00:00,49722.0,0.1122,0.4731,0.0,34.99
2015-11-26 04:00:00,53649.0,0.1143,0.3553,0.0,31.4
2015-11-26 08:00:00,70629.0,0.062,0.1629,0.0721,60.08
2015-11-26 12:00:00,70328.0,0.0348,0.0963,0.1684,57.51
2015-11-26 16:00:00,72969.0,0.0692,0.0815,0.0,65.12
2015-11-26 20:00:00,62709.0,0.058,0.171,0.0,47.52
2015-11-27 00:00:00,49798.0,0.0725,0.4061,0.0,32.94
2015-11-27 04:00:00,53511.0,0.0758,0.5964,0.0,30.09
2015-11-27 08:00:00,70173.0,0.1252,0.6798,0.0849,47.96
2015-11-27 12:00:00,68316.0,0.1535,0.7489,0.2331,39.2
2015-11-27 16:00:00,71236.0,0.2461,0.7934,0.0,44.92
2015-11-27 20:00:00,61263.0,0.3126,0.8903,0.0,31.17
2015-11-28 00:00:00,49805.0,0.3427,0.8973,0.0,27.03
2015-11-28 04:00:00,47968.0,0.3434,0.8247,0.0,24.15
2015-11-28 08:00:00,58686.0,0.3671,0.7687,0.051,31.0
2015-11-28 12:00:00,58639.0,0.3765,0.6694,0.1261,31.72
2015-11-28 16:00:00,61915.0,0.396,0.8208,0.0,35.46
2015-11-28 20:00:00,54502.0,0.4741,0.9505,0.0,24.08
2015-11-29 00:00:00,45038.0,0.6399,0.9418,0.0,-0.04
2015-11-29 04:00:00,42737.0,0.7083,0.916,0.0,-0.96
2015-11-29 08:00:00,51576.0,0.6723,0.8974,0.0208,13.07
2015-11-29 12:00:00,55659.0,0.6358,0.9176,0.0505,20.79
2015-11-29 16:00:00,59452.0,0.7764,0.9616,0.0,16.28
2015-11-29 20:00:00,55125.0,0.9254,0.9805,0.0,13.79
2015-11-30 00:00:00,45043.0,0.8654,0.9795,0.0,10.04
2015-11-30 04:00:00,51868.0,0.8034,0.982,0.0,-0.04
2015-11-30 08:00:00,71349.0,0.6816,0.9253,0.0484,33.42
2015-11-30 12:00:00,72952.0,0.5908,0.7601,0.0625,30.03
2015-11-30 16:00:00,73883.0,0.4218,0.2401,0.0,37.89
2015-11-30 20:00:00,64322.0,0.5479,0.3884,0.0,35.72
2015-12-01 00:00:00,48521.0,0.6023,0.8114,0.0,20.17
2015-12-01 04:00:00,54435.0,0.4424,0.7191,0.0,20.48
2015-12-01 08:00:00,71308.0,0.3341,0.5886,0.0872,46.94
2015-12-01 12:00:00,71859.0,0.2962,0.3578,0.1317,42.5
2015-12-01 16:00:00,73128.0,0.2304,0.1884,0.0,48.4
2015-12-01 20:00:00,63337.0,0.2209,0.4903,0.0,36.03
2015-12-02 00:00:00,48743.0,0.3772,0.7412,0.0,24.49
2015-12-02 04:00:00,53740.0,0.4114,0.6137,0.0,23.06
2015-12-02 08:00:00,70676.0,0.3384,0.6493,0.0353,44.31
2015-12-02 12:00:00,70483.0,0.2271,0.7398,0.052,36.67
2015-12-02 16:00:00,72910.0,0.3295,0.7626,0.0,48.22
2015-12-02 20:00:00,62593.0,0.3212,0.7718,0.0,35.72
2015-12-03 00:00:00,48170.0,0.2959,0.6767,0.0,29.06
2015-12-03 04:00:00,52855.0,0.2541,0.4699,0.0,29.94
2015-12-03 08:00:00,69332.0,0.1934,0.4579,0.0874,53.89
2015-12-03 12:00:00,68882.0,0.1236,0.5874,0.2583,50.0
2015-12-03 16:00:00,72271.0,0.2431,0.6169,0.0,50.12
2015-12-03 20:00:00,61834.0,0.2545,0.7245,0.0,41.87
2015-12-04 00:00:00,49261.0,0.2847,0.8658,0.0,24.39
2015-12-04 04:00:00,54352.0,0.478,0.9399,0.0,17.19
2015-12-04 08:00:00,72300.0,0.595,0.9111,0.0532,31.01
2015-12-04 12:00:00,69903.0,0.4717,0.9058,0.1264,31.42
2015-12-04 16:00:00,70539.0,0.4326,0.8802,0.0,42.82
2015-12-04 20:00:00,59922.0,0.4181,0.9248,0.0,33.23
2015-12-05 00:00:00,47590.0,0.4081,0.9608,0.0,17.23
2015-12-05 04:00:00,46620.0,0.4287,0.9745,0.0,18.76
2015-12-05 08:00:00,57952.0,0.5395,0.9827,0.107,32.01
2015-12-05 12:00:00,57421.0,0.6203,0.9837,0.2001,25.97
2015-12-05 16:00:00,61795.0,0.6641,0.9823,0.0,32.28
2015-12-05 20:00:00,54015.0,0.6739,0.9805,0.0,17.28
2015-12-06 00:00:00,43562.0,0.6641,0.9842,0.0,14.95
2015-12-06 04:00:00,42015.0,0.654,0.9826,0.0,10.63
2015-12-06 08:00:00,50892.0,0.6435,0.9825,0.1223,12.02
2015-12-06 12:00:00,52794.0,0.725,0.9819,0.2199,12.66
2015-12-06 16:00:00,57442.0,0.6662,0.8878,0.0,24.09
2015-12-06 20:00:00,52881.0,0.5217,0.5203,0.0,29.16
2015-12-07 00:00:00,43226.0,0.3031,0.2722,0.0,26.21
2015-12-07 04:00:00,49562.0,0.1472,0.0917,0.0,23.97
2015-12-07 08:00:00,69032.0,0.071,0.0424,0.0954,49.9
2015-12-07 12:00:00,68390.0,0.0184,0.079,0.2582,46.92
2015-12-07 16:00:00,72439.0,0.0516,0.1326,0.0,54.38
2015-12-07 20:00:00,61889.0,0.1082,0.2093,0.0,43.08
2015-12-08 00:00:00,47964.0,0.1241,0.3182,0.0,26.89
2015-12-08 04:00:00,53630.0,0.1124,0.3452,0.0,24.62
2015-12-08 08:00:00,69669.0,0.1204,0.5113,0.1531,47.52
2015-12-08 12:00:00,69623.0,0.1042,0.5255,0.3789,32.16
2015-12-08 16:00:00,73107.0,0.2904,0.6186,0.0,43.78
2015-12-08 20:00:00,62691.0,0.2444,0.56,0.0,32.91
2015-12-09 00:00:00,48598.0,0.207,0.669,0.0,25.57
2015-12-09 04:00:00,53344.0,0.1924,0.745,0.0,26.84
2015-12-09 08:00:00,70805.0,0.2215,0.5698,0.0574,42.37
2015-12-09 12:00:00,69631.0,0.2208,0.579,0.161,34.85
2015-12-09 16:00:00,72779.0,0.2448,0.7447,0.0,46.95
2015-12-09 20:00:00,63325.0,0.2235,0.8406,0.0,36.73
2015-12-10 00:00:00,49736.0,0.2108,0.9063,0.0,22.59
2015-12-10 04:00:00,54564.0,0.2664,0.924,0.0,18.06
2015-12-10 08:00:00,71334.0,0.3287,0.9425,0.1058,41.73
2015-12-10 12:00:00,71349.0,0.3515,0.9367,0.2802,27.98
2015-12-10 16:00:00,73792.0,0.4192,0.8803,0.0,44.5
2015-12-10 20:00:00,63892.0,0.4003,0.7651,0.0,30.08
2015-12-11 00:00:00,50647.0,0.3696,0.6532,0.0,19.05
2015-12-11 04:00:00,54768.0,0.3612,0.6061,0.0,19.02
2015-12-11 08:00:00,72766.0,0.4094,0.8308,0.051,37.29
2015-12-11 12:00:00,70816.0,0.4863,0.8153,0.0875,28.3
2015-12-11 16:00:00,72785.0,0.4833,0.834,0.0,30.78
2015-12-11 20:00:00,61373.0,0.462,0.8749,0.0,26.0
2015-12-12 00:00:00,47633.0,0.4799,0.8493,0.0,18.02
2015-12-12 04:00:00,46417.0,0.3916,0.8019,0.0,16.25
2015-12-12 08:00:00,57759.0,0.3326,0.531,0.0629,21.87
2015-12-12 12:00:00,57418.0,0.2677,0.3506,0.1779,26.89
2015-12-12 16:00:00,60466.0,0.1957,0.228,0.0,33.78
2015-12-12 20:00:00,53160.0,0.3047,0.4248,0.0,35.22
2015-12-13 00:00:00,43597.0,0.5956,0.4591,0.0,12.51
2015-12-13 04:00:00,41840.0,0.6987,0.5398,0.0,10.32
2015-12-13 08:00:00,50359.0,0.4361,0.2636,0.0555,19.37
2015-12-13 12:00:00,52806.0,0.1971,0.1766,0.1629,30.94
2015-12-13 16:00:00,56736.0,0.1052,0.0846,0.0,36.78
2015-12-13 20:00:00,53008.0,0.0438,0.0111,0.0,44.5
2015-12-14 00:00:00,44583.0,0.0211,0.0328,0.0,30.93
2015-12-14 04:00:00,50573.0,0.0322,0.1373,0.0,27.45
2015-12-14 08:00:00,69109.0,0.0621,0.2824,0.0638,56.7
2015-12-14 12:00:00,69049.0,0.052,0.2313,0.1595,43.05
2015-12-14 16:00:00,72098.0,0.1564,0.1179,0.0,50.97
2015-12-14 20:00:00,61829.0,0.1369,0.1109,0.0,40.08
2015-12-15 00:00:00,47583.0,0.1038,0.0493,0.0,27.64
2015-12-15 04:00:00,52097.0,0.0621,0.0095,0.0,29.11
2015-12-15 08:00:00,69697.0,0.04,0.0267,0.0564,55.03
2015-12-15 12:00:00,68986.0,0.0111,0.0428,0.1595,51.96
2015-12-15 16:00:00,71510.0,0.0512,0.1423,0.0,50.96
2015-12-15 20:00:00,61874.0,0.0787,0.3993,0.0,41.47
2015-12-16 00:00:00,47368.0,0.099,0.5065,0.0,30.81
2015-12-16 04:00:00,51983.0,0.1432,0.5619,0.0,27.38
2015-12-16 08:00:00,70048.0,0.1772,0.541,0.03,45.44
2015-12-16 12:00:00,70163.0,0.1426,0.3938,0.1213,42.32
2015-12-16 16:00:00,72403.0,0.2515,0.4192,0.0,41.67
2015-12-16 20:00:00,60986.0,0.2707,0.5423,0.0,33.75
2015-12-17 00:00:00,46023.0,0.276,0.5493,0.0,23.1
2015-12-17 04:00:00,50400.0,0.2775,0.4441,0.0,20.24
2015-12-17 08:00:00,68355.0,0.2633,0.4965,0.0277,41.4
2015-12-17 12:00:00,67636.0,0.2447,0.6109,0.1099,36.21
2015-12-17 16:00:00,70063.0,0.3306,0.7016,0.0,39.19
2015-12-17 20:00:00,60201.0,0.3354,0.6864,0.0,32.63
2015-12-18 00:00:00,45562.0,0.3126,0.5904,0.0,25.93
2015-12-18 04:00:00,50156.0,0.2912,0.5407,0.0,22.58
2015-12-18 08:00:00,67493.0,0.2944,0.535,0.0376,36.64
2015-12-18 12:00:00,65402.0,0.229,0.4745,0.0986,36.67
2015-12-18 16:00:00,67251.0,0.2554,0.5068,0.0,39.03
2015-12-18 20:00:00,56471.0,0.27,0.6908,0.0,32.83
2015-12-19 00:00:00,43324.0,0.2514,0.7157,0.0,23.47
2015-12-19 04:00:00,42843.0,0.2182,0.6581,0.0,19.62
2015-12-19 08:00:00,54766.0,0.2142,0.6906,0.048,29.28
2015-12-19 12:00:00,53924.0,0.1806,0.6869,0.2425,30.01
2015-12-19 16:00:00,59030.0,0.2942,0.7114,0.0,33.01
2015-12-19 20:00:00,51187.0,0.2713,0.7575,0.0,27.9
2015-12-20 00:00:00,39814.0,0.235,0.7421,0.0,17.93
2015-12-20 04:00:00,38677.0,0.2385,0.7142,0.0,12.51
2015-12-20 08:00:00,47369.0,0.3006,0.7174,0.0701,16.18
2015-12-20 12:00:00,50468.0,0.258,0.6683,0.1926,16.8
2015-12-20 16:00:00,54755.0,0.3088,0.6577,0.0,23.38
2015-12-20 20:00:00,50412.0,0.3029,0.6953,0.0,25.74
2015-12-21 00:00:00,39803.0,0.271,0.7252,0.0,19.02
2015-12-21 04:00:00,44811.0,0.3143,0.7201,0.0,13.39
2015-12-21 08:00:00,63834.0,0.3572,0.7642,0.0358,40.05
2015-12-21 12:00:00,64307.0,0.5247,0.8344,0.1227,34.17
2015-12-21 16:00:00,66984.0,0.656,0.9389,0.0,29.03
2015-12-21 20:00:00,57271.0,0.8165,0.9775,0.0,21.85
2015-12-22 00:00:00,42963.0,0.7836,0.871,0.0,-19.98
2015-12-22 04:00:00,46125.0,0.5187,0.7337,0.0,7.84
2015-12-22 08:00:00,62102.0,0.481,0.8575,0.0524,33.82
2015-12-22 12:00:00,62549.0,0.707,0.9457,0.153,24.95
2015-12-22 16:00:00,65069.0,0.6968,0.9603,0.0,25.28
2015-12-22 20:00:00,55468.0,0.6535,0.9626,0.0,25.92
2015-12-23 00:00:00,41618.0,0.6582,0.9433,0.0,10.05
2015-12-23 04:00:00,44841.0,0.6595,0.7811,0.0,-0.08
2015-12-23 08:00:00,60202.0,0.6629,0.9432,0.0749,18.02
2015-12-23 12:00:00,59112.0,0.6557,0.954,0.1797,15.27
2015-12-23 16:00:00,62440.0,0.4243,0.8142,0.0,28.94
2015-12-23 20:00:00,51845.0,0.262,0.5766,0.0,31.24
2015-12-24 00:00:00,38044.0,0.1171,0.5313,0.0,25.94
2015-12-24 04:00:00,38523.0,0.1417,0.6467,0.0,10.52
2015-12-24 08:00:00,49925.0,0.2236,0.7539,0.0808,29.13
2015-12-24 12:00:00,49512.0,0.3181,0.7911,0.2816,23.12
2015-12-24 16:00:00,52162.0,0.5061,0.9128,0.0,18.65
2015-12-24 20:00:00,45193.0,0.5922,0.9457,0.0,8.49
2015-12-25 00:00:00,35153.0,0.4417,0.9279,0.0,0.01
2015-12-25 04:00:00,34571.0,0.3279,0.8948,0.0,3.27
2015-12-25 08:00:00,43960.0,0.276,0.857,0.0777,11.45
2015-12-25 12:00:00,44308.0,0.2448,0.7118,0.2232,12.86
2015-12-25 16:00:00,47493.0,0.2796,0.4379,0.0,18.04
2015-12-25 20:00:00,43984.0,0.3799,0.5598,0.0,27.6
2015-12-26 00:00:00,36181.0,0.6203,0.7865,0.0,8.5
2015-12-26 04:00:00,36450.0,0.686,0.8371,0.0,-15.33
2015-12-26 08:00:00,43590.0,0.6684,0.8024,0.0891,6.24
2015-12-26 12:00:00,43986.0,0.6586,0.7307,0.3093,1.78
2015-12-26 16:00:00,48839.0,0.5869,0.7583,0.0,14.93
2015-12-26 20:00:00,45646.0,0.4891,0.8212,0.0,17.49
2015-12-27 00:00:00,36354.0,0.3904,0.7983,0.0,10.6
2015-12-27 04:00:00,36294.0,0.3753,0.856,0.0,3.46
2015-12-27 08:00:00,43782.0,0.4326,0.8294,0.0739,9.8
2015-12-27 12:00:00,45918.0,0.4177,0.6097,0.243,10.42
2015-12-27 16:00:00,51196.0,0.3982,0.4849,0.0,22.07
2015-12-27 20:00:00,46426.0,0.3154,0.2284,0.0,32.96
2015-12-28 00:00:00,36577.0,0.154,0.0858,0.0,26.26
2015-12-28 04:00:00,39866.0,0.0719,0.0658,0.0,16.98
2015-12-28 08:00:00,52804.0,0.046,0.2322,0.0785,38.81
2015-12-28 12:00:00,53447.0,0.05,0.3729,0.2911,36.0
2015-12-28 16:00:00,58197.0,0.2413,0.6809,0.0,36.9
2015-12-28 20:00:00,50963.0,0.279,0.818,0.0,30.38
2015-12-29 00:00:00,39278.0,0.2664,0.8281,0.0,18.04
2015-12-29 04:00:00,41442.0,0.2755,0.7971,0.0,14.49
2015-12-29 08:00:00,53786.0,0.287,0.7469,0.0624,29.01
2015-12-29 12:00:00,54053.0,0.2066,0.4775,0.2479,34.36
2015-12-29 16:00:00,57868.0,0.2047,0.361,0.0,41.81
2015-12-29 20:00:00,50463.0,0.1747,0.3159,0.0,38.39
2015-12-30 00:00:00,38692.0,0.1245,0.3707,0.0,24.0
2015-12-30 04:00:00,40865.0,0.1463,0.5605,0.0,15.95
2015-12-30 08:00:00,53406.0,0.2124,0.7496,0.0473,36.92
2015-12-30 12:00:00,54232.0,0.2707,0.8081,0.1998,30.32
2015-12-30 16:00:00,58823.0,0.4098,0.8593,0.0,30.68
2015-12-30 20:00:00,52059.0,0.4219,0.8799,0.0,24.97
2015-12-31 00:00:00,40784.0,0.4145,0.8511,0.0,13.48
2015-12-31 04:00:00,40506.0,0.4099,0.8232,0.0,1.64
2015-12-31 08:00:00,50223.0,0.3269,0.7597,0.0416,15.72
2015-12-31 12:00:00,50741.0,0.2319,0.7766,0.1509,26.23
2015-12-31 16:00:00,54645.0,0.1942,0.5903,0.0,32.87
2015-12-31 20:00:00,45911.0,0.1211,0.4023,0.0,28.81
